Date,USA IMI/REAL ESTATE
5/31/2007,1000
6/1/2007,1000.124154
6/4/2007,1005.326963
6/5/2007,988.1455742
6/6/2007,981.7963889
6/7/2007,953.1084804
6/8/2007,965.6297578
6/11/2007,951.2571505
6/12/2007,934.5902722
6/13/2007,954.6383428
6/14/2007,946.2727481
6/15/2007,957.0573391
6/18/2007,943.2009948
6/19/2007,946.7958308
6/20/2007,925.904881
6/21/2007,924.405454
6/22/2007,919.0440888
6/25/2007,904.5986236
6/26/2007,901.7321431
6/27/2007,921.4644368
6/28/2007,916.662678
6/29/2007,911.8812696
7/2/2007,935.0605644
7/3/2007,932.9709134
7/4/2007,932.9709134
7/5/2007,946.8125808
7/6/2007,946.5738122
7/9/2007,943.7840559
7/10/2007,919.0844257
7/11/2007,915.7750041
7/12/2007,929.4363904
7/13/2007,938.9724147
7/16/2007,933.1648341
7/17/2007,927.453518
7/18/2007,922.381426
7/19/2007,927.2755057
7/20/2007,909.5201473
7/23/2007,894.9317251
7/24/2007,872.9369624
7/25/2007,870.0181132
7/26/2007,852.7106013
7/27/2007,829.7457987
7/30/2007,836.7069746
7/31/2007,832.3375557
8/1/2007,836.7984156
8/2/2007,847.8575235
8/3/2007,819.7186292
8/6/2007,840.8142471
8/7/2007,843.5781451
8/8/2007,877.5862943
8/9/2007,871.1684919
8/10/2007,846.1062131
8/13/2007,840.1108228
8/14/2007,807.0483127
8/15/2007,796.4641183
8/16/2007,825.9731508
8/17/2007,847.9209766
8/20/2007,860.8085609
8/21/2007,871.5657934
8/22/2007,876.7241302
8/23/2007,868.4816652
8/24/2007,866.716899
8/27/2007,850.8347762
8/28/2007,825.059337
8/29/2007,847.3179886
8/30/2007,853.6911705
8/31/2007,871.3440719
9/3/2007,871.3440719
9/4/2007,882.3690908
9/5/2007,860.6644163
9/6/2007,865.065736
9/7/2007,846.9125363
9/10/2007,838.0771427
9/11/2007,851.0368911
9/12/2007,850.97691
9/13/2007,867.917361
9/14/2007,872.2365028
9/17/2007,868.1715887
9/18/2007,898.9939023
9/19/2007,914.6760948
9/20/2007,897.9907569
9/21/2007,900.1226633
9/24/2007,911.8747013
9/25/2007,896.6632312
9/26/2007,902.666687
9/27/2007,910.6929784
9/28/2007,906.5976726
10/1/2007,923.8368029
10/2/2007,938.8850025
10/3/2007,936.0537246
10/4/2007,941.3049419
10/5/2007,961.2796018
10/8/2007,947.1804706
10/9/2007,954.0616404
10/10/2007,951.4917992
10/11/2007,944.8375863
10/12/2007,937.9335062
10/15/2007,917.9589537
10/16/2007,904.8686543
10/17/2007,902.5564358
10/18/2007,904.7900245
10/19/2007,873.7366025
10/22/2007,885.3818806
10/23/2007,895.1855329
10/24/2007,888.6253499
10/25/2007,889.5051584
10/26/2007,898.2406406
10/29/2007,891.0014926
10/30/2007,897.047108
10/31/2007,911.9244818
11/1/2007,877.290354
11/2/2007,858.4348991
11/5/2007,849.3746218
11/6/2007,858.6478634
11/7/2007,829.9522838
11/8/2007,835.6777251
11/9/2007,833.5938923
11/12/2007,834.6980526
11/13/2007,865.1706357
11/14/2007,851.1993378
11/15/2007,846.0214095
11/16/2007,834.1556133
11/19/2007,813.4782768
11/20/2007,797.9009285
11/21/2007,794.8900368
11/22/2007,794.8900368
11/23/2007,812.0102959
11/26/2007,770.5971602
11/27/2007,787.6876821
11/28/2007,820.4061044
11/29/2007,817.8878853
11/30/2007,833.0919014
12/3/2007,826.7031754
12/4/2007,804.4462381
12/5/2007,829.7500408
12/6/2007,857.6301399
12/7/2007,855.8433599
12/10/2007,873.8872036
12/11/2007,825.7511577
12/12/2007,826.0832695
12/13/2007,818.154191
12/14/2007,793.3057718
12/17/2007,773.7099072
12/18/2007,781.8803146
12/19/2007,792.1250664
12/20/2007,792.3211371
12/21/2007,805.904872
12/24/2007,833.5966459
12/25/2007,833.5966459
12/26/2007,819.281507
12/27/2007,799.1625467
12/28/2007,789.5071006
12/31/2007,796.1207411
1/1/2008,796.1207411
1/2/2008,790.2010577
1/3/2008,765.0368356
1/4/2008,736.6849173
1/7/2008,744.5086162
1/8/2008,717.3116174
1/9/2008,727.953967
1/10/2008,739.5533152
1/11/2008,737.4909218
1/14/2008,736.7460378
1/15/2008,718.0294834
1/16/2008,731.1961651
1/17/2008,716.9923703
1/18/2008,708.3243537
1/21/2008,708.3243537
1/22/2008,732.0372909
1/23/2008,795.0237702
1/24/2008,779.1948697
1/25/2008,769.1983566
1/28/2008,797.1404645
1/29/2008,791.1120565
1/30/2008,776.163985
1/31/2008,792.6304765
2/1/2008,821.9260742
2/4/2008,811.6770184
2/5/2008,782.8490374
2/6/2008,771.6916616
2/7/2008,790.1658119
2/8/2008,765.5550314
2/11/2008,753.4712275
2/12/2008,772.5974233
2/13/2008,777.8387428
2/14/2008,761.5221416
2/15/2008,767.5933376
2/18/2008,767.5933376
2/19/2008,760.7142256
2/20/2008,772.8034008
2/21/2008,755.77396
2/22/2008,772.3924796
2/25/2008,796.2650573
2/26/2008,796.8503957
2/27/2008,791.1877246
2/28/2008,775.7459349
2/29/2008,761.6673678
3/3/2008,764.6563122
3/4/2008,757.5239315
3/5/2008,757.7045825
3/6/2008,721.1251086
3/7/2008,731.4658484
3/10/2008,717.8236563
3/11/2008,766.4591921
3/12/2008,752.5694011
3/13/2008,761.2828805
3/14/2008,747.2002687
3/17/2008,744.198497
3/18/2008,784.0353473
3/19/2008,774.6555298
3/20/2008,805.6952978
3/21/2008,805.6952978
3/24/2008,820.6655372
3/25/2008,824.0604221
3/26/2008,805.512556
3/27/2008,796.1804472
3/28/2008,787.053643
3/31/2008,790.8314596
4/1/2008,834.7214874
4/2/2008,834.6068572
4/3/2008,849.0135106
4/4/2008,835.8391872
4/7/2008,837.6615745
4/8/2008,825.7499793
4/9/2008,807.0337514
4/10/2008,815.3177052
4/11/2008,802.6643936
4/14/2008,798.3690384
4/15/2008,807.405986
4/16/2008,838.9351746
4/17/2008,843.9700781
4/18/2008,844.2942849
4/21/2008,836.0369692
4/22/2008,831.2045306
4/23/2008,842.3329092
4/24/2008,862.0261449
4/25/2008,865.3131888
4/28/2008,864.9937336
4/29/2008,852.2966377
4/30/2008,839.1980957
5/1/2008,860.3936657
5/2/2008,859.0127977
5/5/2008,857.4803265
5/6/2008,863.4977136
5/7/2008,838.7019207
5/8/2008,837.0246638
5/9/2008,830.8645584
5/12/2008,851.2585812
5/13/2008,852.2931667
5/14/2008,858.87271
5/15/2008,869.882323
5/16/2008,864.460877
5/19/2008,866.2861067
5/20/2008,853.6547331
5/21/2008,833.9998889
5/22/2008,830.6043094
5/23/2008,825.1100825
5/26/2008,825.1100825
5/27/2008,837.5194204
5/28/2008,838.4712187
5/29/2008,849.2081054
5/30/2008,845.2909473
6/2/2008,831.4793078
6/3/2008,836.2162526
6/4/2008,840.4038031
6/5/2008,860.5300399
6/6/2008,824.1409816
6/9/2008,806.7272079
6/10/2008,810.3768986
6/11/2008,793.2185421
6/12/2008,800.1368544
6/13/2008,815.4747907
6/16/2008,826.3296736
6/17/2008,800.8919773
6/18/2008,789.5023549
6/19/2008,807.8855517
6/20/2008,787.4326598
6/23/2008,769.3393598
6/24/2008,772.3698703
6/25/2008,783.7324141
6/26/2008,756.0887872
6/27/2008,749.313818
6/30/2008,748.0063817
7/1/2008,750.4497632
7/2/2008,735.4368385
7/3/2008,731.4295184
7/4/2008,731.4295184
7/7/2008,715.0154693
7/8/2008,764.2402412
7/9/2008,710.567589
7/10/2008,723.5916529
7/11/2008,724.1477588
7/14/2008,698.7963123
7/15/2008,693.7784938
7/16/2008,739.6076359
7/17/2008,753.4424406
7/18/2008,753.0691186
7/21/2008,755.924389
7/22/2008,780.3958563
7/23/2008,797.8915661
7/24/2008,743.4801208
7/25/2008,759.2396396
7/28/2008,737.7737029
7/29/2008,779.6278326
7/30/2008,773.8156683
7/31/2008,764.9517593
8/1/2008,766.1026426
8/4/2008,753.2310328
8/5/2008,788.5345152
8/6/2008,783.0171335
8/7/2008,761.5430949
8/8/2008,794.1986774
8/11/2008,810.3874895
8/12/2008,789.1839231
8/13/2008,778.903307
8/14/2008,792.9613737
8/15/2008,790.1935355
8/18/2008,773.6434984
8/19/2008,756.4821453
8/20/2008,758.0976515
8/21/2008,748.3140965
8/22/2008,773.4901824
8/25/2008,748.5710104
8/26/2008,756.8283023
8/27/2008,762.9763084
8/28/2008,788.7584772
8/29/2008,780.4612788
9/1/2008,780.4612788
9/2/2008,786.9592307
9/3/2008,799.3043202
9/4/2008,775.1573623
9/5/2008,778.4259448
9/8/2008,814.671088
9/9/2008,780.4749103
9/10/2008,784.9072803
9/11/2008,791.0071379
9/12/2008,800.5184873
9/15/2008,731.658477
9/16/2008,777.4069862
9/17/2008,732.7394899
9/18/2008,819.2545435
9/19/2008,833.6990795
9/22/2008,759.9872122
9/23/2008,765.3896979
9/24/2008,754.4048562
9/25/2008,770.2861272
9/26/2008,793.2678084
9/29/2008,729.2524725
9/30/2008,777.1760778
10/1/2008,760.4370932
10/2/2008,710.9853241
10/3/2008,677.3205309
10/6/2008,653.2956605
10/7/2008,605.8382085
10/8/2008,601.2839319
10/9/2008,539.6506411
10/10/2008,615.9509643
10/13/2008,641.3184205
10/14/2008,599.2903458
10/15/2008,522.3843945
10/16/2008,548.30152
10/17/2008,545.9462518
10/20/2008,549.9317372
10/21/2008,530.4394061
10/22/2008,489.4245481
10/23/2008,482.8098565
10/24/2008,451.8155907
10/27/2008,425.9778952
10/28/2008,500.0516269
10/29/2008,486.7014841
10/30/2008,505.7737915
10/31/2008,537.3636045
11/3/2008,518.8210074
11/4/2008,547.1164495
11/5/2008,492.866108
11/6/2008,470.0959888
11/7/2008,499.8838245
11/10/2008,456.1356235
11/11/2008,448.7120492
11/12/2008,417.0459408
11/13/2008,463.7674552
11/14/2008,414.0494348
11/17/2008,398.9984151
11/18/2008,396.7639389
11/19/2008,346.7509758
11/20/2008,317.8859912
11/21/2008,341.3129984
11/24/2008,403.107267
11/25/2008,410.3880548
11/26/2008,428.4817735
11/27/2008,428.4817735
11/28/2008,420.0111844
12/1/2008,341.3464249
12/2/2008,384.5862199
12/3/2008,404.143885
12/4/2008,391.8212928
12/5/2008,432.5652456
12/8/2008,472.4335561
12/9/2008,434.2200671
12/10/2008,465.8484202
12/11/2008,397.9832501
12/12/2008,440.5756309
12/15/2008,423.1379905
12/16/2008,480.9393886
12/17/2008,487.3667281
12/18/2008,449.419703
12/19/2008,474.2151935
12/22/2008,460.0672091
12/23/2008,459.0503249
12/24/2008,462.2301725
12/25/2008,462.2301725
12/26/2008,467.1796318
12/29/2008,442.3683595
12/30/2008,462.4661693
12/31/2008,484.2029221
1/1/2009,484.2029221
1/2/2009,469.7746768
1/5/2009,460.4010866
1/6/2009,485.905236
1/7/2009,467.7956279
1/8/2009,465.7912273
1/9/2009,443.6392462
1/12/2009,417.4283795
1/13/2009,430.4366202
1/14/2009,408.4250763
1/15/2009,420.9513099
1/16/2009,437.9370507
1/19/2009,437.9370507
1/20/2009,388.0635126
1/21/2009,427.4795732
1/22/2009,406.5966776
1/23/2009,418.6670773
1/26/2009,416.9994629
1/27/2009,423.5688963
1/28/2009,457.9135273
1/29/2009,420.6562503
1/30/2009,405.8801268
2/2/2009,413.6508457
2/3/2009,410.0591905
2/4/2009,402.1910048
2/5/2009,394.4691079
2/6/2009,421.8052205
2/9/2009,426.2675918
2/10/2009,388.6790768
2/11/2009,396.5751204
2/12/2009,391.2756816
2/13/2009,369.5002297
2/16/2009,369.5002297
2/17/2009,345.777121
2/18/2009,349.6258748
2/19/2009,333.3297804
2/20/2009,353.7153907
2/23/2009,328.2530569
2/24/2009,355.9879538
2/25/2009,347.3434453
2/26/2009,331.135166
2/27/2009,326.2782689
3/2/2009,301.8889605
3/3/2009,304.8786093
3/4/2009,311.4016299
3/5/2009,290.6967864
3/6/2009,288.7476825
3/9/2009,294.3345092
3/10/2009,334.8988771
3/11/2009,327.7551924
3/12/2009,353.3405975
3/13/2009,346.7236033
3/16/2009,320.82067
3/17/2009,345.8371498
3/18/2009,361.2411554
3/19/2009,341.3535614
3/20/2009,314.0787968
3/23/2009,364.4946815
3/24/2009,336.2179821
3/25/2009,344.1262303
3/26/2009,354.4298496
3/27/2009,336.4164583
3/30/2009,317.23437
3/31/2009,340.7390446
4/1/2009,338.0068361
4/2/2009,361.5566334
4/3/2009,390.9054146
4/6/2009,386.6954218
4/7/2009,355.3224041
4/8/2009,363.8385893
4/9/2009,409.9591864
4/10/2009,409.9591864
4/13/2009,412.856498
4/14/2009,379.2105193
4/15/2009,410.5278287
4/16/2009,424.6671384
4/17/2009,428.8947842
4/20/2009,383.8161598
4/21/2009,420.076495
4/22/2009,403.7605321
4/23/2009,422.1562068
4/24/2009,444.516819
4/27/2009,415.7045852
4/28/2009,420.9260732
4/29/2009,438.5927609
4/30/2009,439.723752
5/1/2009,423.2684428
5/4/2009,459.4284522
5/5/2009,443.4854252
5/6/2009,458.8605627
5/7/2009,430.4877487
5/8/2009,463.961705
5/11/2009,443.2651382
5/12/2009,439.8966958
5/13/2009,411.214824
5/14/2009,426.122093
5/15/2009,409.8736649
5/18/2009,444.245708
5/19/2009,434.7467237
5/20/2009,430.1442398
5/21/2009,430.4578005
5/22/2009,420.8490444
5/25/2009,420.8490444
5/26/2009,445.3276477
5/27/2009,427.8919106
5/28/2009,437.8523103
5/29/2009,449.1033872
6/1/2009,466.5434759
6/2/2009,460.0672152
6/3/2009,459.8270167
6/4/2009,474.1779355
6/5/2009,467.9234195
6/8/2009,466.5680987
6/9/2009,465.3057962
6/10/2009,455.4853669
6/11/2009,447.358014
6/12/2009,461.0910729
6/15/2009,438.3420403
6/16/2009,433.8759887
6/17/2009,425.9033041
6/18/2009,429.6493383
6/19/2009,435.1494696
6/22/2009,412.2655627
6/23/2009,416.4173546
6/24/2009,423.9278128
6/25/2009,430.7491465
6/26/2009,435.5251025
6/29/2009,435.995448
6/30/2009,438.7075402
7/1/2009,443.516005
7/2/2009,419.0555058
7/3/2009,419.0555058
7/6/2009,432.8110517
7/7/2009,415.1698758
7/8/2009,411.1058693
7/9/2009,405.1447985
7/10/2009,404.7448747
7/13/2009,421.9153317
7/14/2009,425.8446296
7/15/2009,441.236521
7/16/2009,445.0351685
7/17/2009,434.4647804
7/20/2009,450.5148925
7/21/2009,447.5003877
7/22/2009,449.1605237
7/23/2009,465.8976875
7/24/2009,468.0600408
7/27/2009,475.9861925
7/28/2009,473.9440949
7/29/2009,467.3567883
7/30/2009,483.7775922
7/31/2009,483.9935942
8/3/2009,492.5132327
8/4/2009,516.1271174
8/5/2009,535.9463643
8/6/2009,531.2330414
8/7/2009,557.6291883
8/10/2009,544.6698177
8/11/2009,529.0218561
8/12/2009,533.2013425
8/13/2009,534.8152003
8/14/2009,530.3737483
8/17/2009,503.428862
8/18/2009,511.4225285
8/19/2009,507.3298573
8/20/2009,527.2059819
8/21/2009,539.6120305
8/24/2009,536.2183806
8/25/2009,542.1693735
8/26/2009,544.6255226
8/27/2009,549.6441778
8/28/2009,552.6515526
8/31/2009,545.0072311
9/1/2009,517.6965505
9/2/2009,508.2518189
9/3/2009,517.4633594
9/4/2009,523.0079043
9/7/2009,523.0079043
9/8/2009,539.457984
9/9/2009,550.5024323
9/10/2009,556.9845602
9/11/2009,555.4814736
9/14/2009,571.4675596
9/15/2009,581.3654229
9/16/2009,604.0570417
9/17/2009,599.0541893
9/18/2009,601.331035
9/21/2009,590.9003277
9/22/2009,611.0409572
9/23/2009,588.6300123
9/24/2009,569.500886
9/25/2009,570.3782411
9/28/2009,593.782692
9/29/2009,582.9181275
9/30/2009,578.3167262
10/1/2009,553.2592756
10/2/2009,548.5388139
10/5/2009,563.1461911
10/6/2009,563.3471021
10/7/2009,561.7739548
10/8/2009,572.3629063
10/9/2009,577.3977816
10/12/2009,576.5544718
10/13/2009,568.0597561
10/14/2009,588.0434795
10/15/2009,583.5455462
10/16/2009,569.1754148
10/19/2009,581.0203151
10/20/2009,570.172214
10/21/2009,564.5469365
10/22/2009,578.8216383
10/23/2009,571.1499492
10/26/2009,568.8393168
10/27/2009,560.2048364
10/28/2009,536.9549869
10/29/2009,560.9102595
10/30/2009,548.6835768
11/2/2009,550.7491247
11/3/2009,558.7990243
11/4/2009,546.5944527
11/5/2009,559.3403323
11/6/2009,551.0938913
11/9/2009,577.0541557
11/10/2009,572.5531266
11/11/2009,583.6753807
11/12/2009,575.3458841
11/13/2009,583.5085274
11/16/2009,597.3575513
11/17/2009,588.0866318
11/18/2009,598.8624894
11/19/2009,585.2260436
11/20/2009,582.4521351
11/23/2009,588.5823333
11/24/2009,580.8859455
11/25/2009,582.3099507
11/26/2009,582.3099507
11/27/2009,565.8947003
11/30/2009,587.6355243
12/1/2009,594.586033
12/2/2009,603.9195379
12/3/2009,597.8624461
12/4/2009,614.1998124
12/7/2009,603.4011153
12/8/2009,600.6876086
12/9/2009,599.6277781
12/10/2009,598.1015977
12/11/2009,606.7322736
12/14/2009,618.594814
12/15/2009,611.2035356
12/16/2009,615.3691181
12/17/2009,612.3264599
12/18/2009,616.9450028
12/21/2009,624.0034317
12/22/2009,629.9529661
12/23/2009,636.8688879
12/24/2009,645.1279319
12/25/2009,645.1279319
12/28/2009,647.0801412
12/29/2009,639.6149599
12/30/2009,639.9793175
12/31/2009,628.2538859
1/1/2010,628.2538859
1/4/2010,626.1438699
1/5/2010,628.0532673
1/6/2010,627.0353239
1/7/2010,634.3380565
1/8/2010,629.6134612
1/11/2010,632.9548871
1/12/2010,622.1802592
1/13/2010,634.2691116
1/14/2010,631.9687386
1/15/2010,626.9979381
1/18/2010,626.9979381
1/19/2010,640.5295191
1/20/2010,632.4916816
1/21/2010,614.4818997
1/22/2010,601.2052536
1/25/2010,605.4152419
1/26/2010,600.5298071
1/27/2010,606.0323376
1/28/2010,600.3543599
1/29/2010,597.1878079
2/1/2010,607.551955
2/2/2010,616.9672084
2/3/2010,608.1589835
2/4/2010,585.9543867
2/5/2010,597.1892409
2/8/2010,583.3084958
2/9/2010,581.838932
2/10/2010,581.5498038
2/11/2010,587.5594974
2/12/2010,592.7156783
2/15/2010,592.7156783
2/16/2010,609.3444205
2/17/2010,614.4874528
2/18/2010,621.9396055
2/19/2010,623.206932
2/22/2010,625.1957493
2/23/2010,619.8681076
2/24/2010,626.3041419
2/25/2010,628.2690879
2/26/2010,628.5065805
3/1/2010,633.5559883
3/2/2010,634.5480311
3/3/2010,632.5317413
3/4/2010,635.8791526
3/5/2010,651.7523191
3/8/2010,658.4365779
3/9/2010,661.5706813
3/10/2010,664.621624
3/11/2010,667.6138768
3/12/2010,672.6194937
3/15/2010,670.7865776
3/16/2010,686.2738077
3/17/2010,695.8041541
3/18/2010,693.5164829
3/19/2010,686.9424349
3/22/2010,694.4212688
3/23/2010,691.81477
3/24/2010,694.566286
3/25/2010,696.6512742
3/26/2010,693.8432639
3/29/2010,695.7529572
3/30/2010,694.795874
3/31/2010,688.5272127
4/1/2010,692.2112433
4/2/2010,692.2112433
4/5/2010,707.3757271
4/6/2010,721.14146
4/7/2010,706.1891254
4/8/2010,706.6386825
4/9/2010,718.4753145
4/12/2010,712.8388608
4/13/2010,729.0714398
4/14/2010,730.4651943
4/15/2010,712.6957433
4/16/2010,696.6493226
4/19/2010,700.3287822
4/20/2010,711.6148361
4/21/2010,724.0583902
4/22/2010,734.9898528
4/23/2010,744.1766133
4/26/2010,749.2749877
4/27/2010,724.9189714
4/28/2010,727.8543655
4/29/2010,758.9079636
4/30/2010,734.2385895
5/3/2010,757.6899357
5/4/2010,738.5306877
5/5/2010,727.8551005
5/6/2010,699.1751331
5/7/2010,687.5531355
5/10/2010,733.7131635
5/11/2010,734.2663372
5/12/2010,746.7154863
5/13/2010,735.9639381
5/14/2010,712.5061489
5/17/2010,713.624824
5/18/2010,694.9442273
5/19/2010,687.8045513
5/20/2010,654.6715487
5/21/2010,677.3185773
5/24/2010,662.5427176
5/25/2010,668.7981749
5/26/2010,666.5607846
5/27/2010,702.8656401
5/28/2010,693.6161766
5/31/2010,693.6161766
6/1/2010,679.4108149
6/2/2010,694.550404
6/3/2010,691.8831557
6/4/2010,654.0206582
6/7/2010,650.4072519
6/8/2010,661.6131226
6/9/2010,665.603062
6/10/2010,693.7006499
6/11/2010,701.0189307
6/14/2010,708.926814
6/15/2010,724.4045146
6/16/2010,718.4522917
6/17/2010,719.330716
6/18/2010,717.5919496
6/21/2010,712.8791364
6/22/2010,691.6824766
6/23/2010,694.2836634
6/24/2010,678.7504431
6/25/2010,697.6048249
6/28/2010,688.996851
6/29/2010,666.3978852
6/30/2010,659.62933
7/1/2010,658.4266313
7/2/2010,646.171471
7/5/2010,646.171471
7/6/2010,633.135308
7/7/2010,664.3334378
7/8/2010,670.8712757
7/9/2010,680.7759359
7/12/2010,681.2945919
7/13/2010,697.7017261
7/14/2010,692.7120777
7/15/2010,691.0597324
7/16/2010,668.4918692
7/19/2010,677.3247821
7/20/2010,689.9113517
7/21/2010,674.5243924
7/22/2010,700.2964031
7/23/2010,708.7065561
7/26/2010,727.0063867
7/27/2010,724.8689227
7/28/2010,723.983454
7/29/2010,717.6782402
7/30/2010,720.9935363
8/2/2010,743.7653908
8/3/2010,736.9115108
8/4/2010,741.3183513
8/5/2010,731.6228834
8/6/2010,729.6809796
8/9/2010,738.6538507
8/10/2010,730.2561525
8/11/2010,711.8568865
8/12/2010,704.4635379
8/13/2010,702.5967869
8/16/2010,703.3938459
8/17/2010,719.3978223
8/18/2010,720.0890453
8/19/2010,702.0145259
8/20/2010,700.4489489
8/23/2010,697.2044326
8/24/2010,692.8528353
8/25/2010,704.2388479
8/26/2010,699.2604666
8/27/2010,711.4824971
8/30/2010,703.9504256
8/31/2010,710.4385152
9/1/2010,732.8705435
9/2/2010,742.0404913
9/3/2010,751.2774176
9/6/2010,751.2774176
9/7/2010,739.9273206
9/8/2010,742.1306053
9/9/2010,735.6663142
9/10/2010,738.9753212
9/13/2010,750.5122029
9/14/2010,748.1749782
9/15/2010,754.0537921
9/16/2010,749.3853754
9/17/2010,751.9631256
9/20/2010,769.7087339
9/21/2010,757.1573026
9/22/2010,748.6604813
9/23/2010,731.1507937
9/24/2010,753.3238166
9/27/2010,744.622136
9/28/2010,748.485264
9/29/2010,742.6620057
9/30/2010,743.8771134
10/1/2010,748.2289123
10/4/2010,752.5079007
10/5/2010,764.5893799
10/6/2010,761.0800848
10/7/2010,761.4670105
10/8/2010,763.7433637
10/11/2010,763.5586044
10/12/2010,769.4260226
10/13/2010,777.4405017
10/14/2010,773.8499528
10/15/2010,772.5664436
10/18/2010,782.2866787
10/19/2010,772.4143882
10/20/2010,788.4871877
10/21/2010,787.0606914
10/22/2010,786.888186
10/25/2010,789.5990983
10/26/2010,783.041213
10/27/2010,776.4525629
10/28/2010,772.4917456
10/29/2010,774.685831
11/1/2010,780.6160034
11/2/2010,785.9041269
11/3/2010,784.5623288
11/4/2010,805.414127
11/5/2010,813.1541362
11/8/2010,808.987137
11/9/2010,780.0966997
11/10/2010,790.1883537
11/11/2010,784.4185922
11/12/2010,776.1508282
11/15/2010,770.3201183
11/16/2010,745.1023755
11/17/2010,751.3687865
11/18/2010,757.1133894
11/19/2010,760.708408
11/22/2010,762.0735617
11/23/2010,755.5654203
11/24/2010,771.3098405
11/25/2010,771.3098405
11/26/2010,767.8488005
11/29/2010,768.5220427
11/30/2010,763.7389693
12/1/2010,770.7428648
12/2/2010,781.5639434
12/3/2010,782.9138636
12/6/2010,783.3023897
12/7/2010,785.4007992
12/8/2010,773.2546135
12/9/2010,766.7602052
12/10/2010,774.6158864
12/13/2010,776.0019287
12/14/2010,768.691785
12/15/2010,760.4852102
12/16/2010,763.2567087
12/17/2010,769.5833331
12/20/2010,779.6190713
12/21/2010,787.4162724
12/22/2010,791.7603157
12/23/2010,788.7999997
12/24/2010,788.7999997
12/27/2010,797.8808029
12/28/2010,799.9465964
12/29/2010,803.1753062
12/30/2010,804.5388655
12/31/2010,801.9360804
1/3/2011,817.2757391
1/4/2011,801.3347163
1/5/2011,807.0442099
1/6/2011,801.026675
1/7/2011,802.0478388
1/10/2011,801.9081923
1/11/2011,801.0866753
1/12/2011,806.2568279
1/13/2011,807.0889525
1/14/2011,813.4637704
1/17/2011,813.4637704
1/18/2011,819.7530641
1/19/2011,807.8663295
1/20/2011,808.713179
1/21/2011,812.4505454
1/24/2011,816.5333872
1/25/2011,824.8087977
1/26/2011,827.331563
1/27/2011,838.4828539
1/28/2011,823.1763837
1/31/2011,834.1703426
2/1/2011,839.8294891
2/2/2011,838.8907619
2/3/2011,841.3820111
2/4/2011,834.7920367
2/7/2011,843.8294793
2/8/2011,847.5448927
2/9/2011,847.9520611
2/10/2011,850.8227559
2/11/2011,857.1519084
2/14/2011,856.6467776
2/15/2011,852.8735967
2/16/2011,856.8535227
2/17/2011,858.2744077
2/18/2011,861.2009494
2/21/2011,861.2009494
2/22/2011,850.8791231
2/23/2011,843.7101316
2/24/2011,840.4098929
2/25/2011,857.1058147
2/28/2011,873.4656914
3/1/2011,849.8922217
3/2/2011,843.1747534
3/3/2011,856.1458023
3/4/2011,847.7553479
3/7/2011,841.1378585
3/8/2011,852.8848786
3/9/2011,852.81168
3/10/2011,839.4995916
3/11/2011,850.1341583
3/14/2011,843.7950685
3/15/2011,838.1473177
3/16/2011,825.9948059
3/17/2011,833.0614343
3/18/2011,840.3727519
3/21/2011,850.7940144
3/22/2011,843.4523401
3/23/2011,836.2318198
3/24/2011,840.5965254
3/25/2011,845.7399671
3/28/2011,844.1353264
3/29/2011,848.7073431
3/30/2011,857.8048222
3/31/2011,863.423779
4/1/2011,865.8350478
4/4/2011,865.6019846
4/5/2011,866.0372321
4/6/2011,865.5769068
4/7/2011,856.2072785
4/8/2011,849.4753969
4/11/2011,849.4749588
4/12/2011,846.2803742
4/13/2011,845.9083141
4/14/2011,858.0105519
4/15/2011,867.3705235
4/18/2011,858.0956466
4/19/2011,865.3978541
4/20/2011,875.3862089
4/21/2011,881.247706
4/22/2011,881.247706
4/25/2011,885.5330088
4/26/2011,894.1540183
4/27/2011,898.1474944
4/28/2011,908.2494511
4/29/2011,903.6557631
5/2/2011,903.477989
5/3/2011,896.7773455
5/4/2011,891.6257782
5/5/2011,890.7306491
5/6/2011,884.4157128
5/9/2011,889.6375496
5/10/2011,902.4878646
5/11/2011,891.0675158
5/12/2011,892.3246503
5/13/2011,882.9088122
5/16/2011,884.9235883
5/17/2011,883.7278976
5/18/2011,892.998263
5/19/2011,895.3877998
5/20/2011,886.0300239
5/23/2011,876.3616491
5/24/2011,879.2358574
5/25/2011,882.881697
5/26/2011,893.7203373
5/27/2011,896.7357408
5/30/2011,896.7357408
5/31/2011,910.0768932
6/1/2011,884.59688
6/2/2011,880.4076925
6/3/2011,882.2385034
6/6/2011,870.5582061
6/7/2011,880.4540302
6/8/2011,876.2986786
6/9/2011,868.7533916
6/10/2011,848.3073981
6/13/2011,850.3020712
6/14/2011,863.0983947
6/15/2011,848.6255942
6/16/2011,854.8324141
6/17/2011,862.491363
6/20/2011,871.9828796
6/21/2011,879.7741755
6/22/2011,877.0048114
6/23/2011,861.7734084
6/24/2011,860.3382734
6/27/2011,865.3055837
6/28/2011,871.8131293
6/29/2011,881.202273
6/30/2011,884.1498001
7/1/2011,899.7697618
7/4/2011,899.7697618
7/5/2011,905.2140524
7/6/2011,911.3287053
7/7/2011,922.1297095
7/8/2011,919.0482621
7/11/2011,902.4081406
7/12/2011,904.5977411
7/13/2011,897.1524977
7/14/2011,887.245796
7/15/2011,896.6853147
7/18/2011,889.1949873
7/19/2011,904.6229749
7/20/2011,909.9213668
7/21/2011,916.9279957
7/22/2011,920.9320932
7/25/2011,909.8351132
7/26/2011,910.1035213
7/27/2011,884.8268682
7/28/2011,884.2390284
7/29/2011,883.438466
8/1/2011,873.4134082
8/2/2011,846.8833967
8/3/2011,843.8235056
8/4/2011,802.2133152
8/5/2011,785.3491776
8/8/2011,716.8717095
8/9/2011,785.4202177
8/10/2011,764.0522405
8/11/2011,802.1010719
8/12/2011,799.5572775
8/15/2011,828.5808413
8/16/2011,823.9478279
8/17/2011,826.3990005
8/18/2011,788.8044776
8/19/2011,773.7319474
8/22/2011,776.2055676
8/23/2011,796.1268229
8/24/2011,804.6424354
8/25/2011,786.4606748
8/26/2011,798.8268724
8/29/2011,824.7110358
8/30/2011,828.115001
8/31/2011,836.1428404
9/1/2011,820.4464676
9/2/2011,800.4699476
9/5/2011,800.4699476
9/6/2011,798.5648144
9/7/2011,827.9331643
9/8/2011,819.8896049
9/9/2011,796.6646681
9/12/2011,799.8848606
9/13/2011,803.3019958
9/14/2011,809.3071792
9/15/2011,821.6411349
9/16/2011,828.6559664
9/19/2011,812.1734455
9/20/2011,809.9497199
9/21/2011,770.5200596
9/22/2011,751.0903136
9/23/2011,758.6159287
9/26/2011,768.5787364
9/27/2011,775.9071716
9/28/2011,755.6756638
9/29/2011,768.9386279
9/30/2011,747.5648139
10/3/2011,711.7310769
10/4/2011,740.1821522
10/5/2011,734.8041977
10/6/2011,755.4359889
10/7/2011,732.2638143
10/10/2011,768.5935874
10/11/2011,754.6247934
10/12/2011,767.7637127
10/13/2011,761.2305931
10/14/2011,779.9414417
10/17/2011,760.5566908
10/18/2011,787.0184081
10/19/2011,776.9681967
10/20/2011,781.7680038
10/21/2011,804.8530787
10/24/2011,825.9481
10/25/2011,811.3963766
10/26/2011,819.3850477
10/27/2011,856.1492125
10/28/2011,858.4076545
10/31/2011,848.2187038
11/1/2011,818.6710935
11/2/2011,835.9589272
11/3/2011,846.0496163
11/4/2011,838.9382677
11/7/2011,840.4083576
11/8/2011,850.8692536
11/9/2011,813.2702356
11/10/2011,813.8269256
11/11/2011,834.33231
11/14/2011,817.3216995
11/15/2011,826.2281744
11/16/2011,816.6679312
11/17/2011,802.968011
11/18/2011,809.1456748
11/21/2011,788.3169314
11/22/2011,784.6665786
11/23/2011,762.9457081
11/24/2011,762.9457081
11/25/2011,766.1101468
11/28/2011,783.6482775
11/29/2011,781.4332037
11/30/2011,818.2880042
12/1/2011,809.1474399
12/2/2011,811.2559071
12/5/2011,818.1209571
12/6/2011,817.8454291
12/7/2011,825.9115614
12/8/2011,806.1508744
12/9/2011,822.1664049
12/12/2011,808.1068864
12/13/2011,800.9860601
12/14/2011,804.4139621
12/15/2011,815.8156303
12/16/2011,824.2361388
12/19/2011,815.078577
12/20/2011,840.9705894
12/21/2011,843.3749299
12/22/2011,853.5176996
12/23/2011,856.8480325
12/26/2011,856.8480325
12/27/2011,860.6189369
12/28/2011,849.1202673
12/29/2011,856.8684554
12/30/2011,852.9781199
1/2/2012,852.9781199
1/3/2012,859.7304622
1/4/2012,848.117112
1/5/2012,856.0410661
1/6/2012,853.2101896
1/9/2012,851.6847
1/10/2012,862.3526335
1/11/2012,868.6892337
1/12/2012,864.5975275
1/13/2012,866.2602102
1/16/2012,866.2602102
1/17/2012,871.6887826
1/18/2012,878.1233391
1/19/2012,882.8140104
1/20/2012,888.2537692
1/23/2012,890.6523955
1/24/2012,895.6149786
1/25/2012,906.4676972
1/26/2012,912.512634
1/27/2012,914.3771002
1/30/2012,906.3682594
1/31/2012,911.4982432
2/1/2012,918.9822122
2/2/2012,920.4402389
2/3/2012,933.7602857
2/6/2012,929.834918
2/7/2012,928.6010816
2/8/2012,928.3218192
2/9/2012,922.0705226
2/10/2012,913.722368
2/13/2012,925.2969399
2/14/2012,914.8699381
2/15/2012,911.1935093
2/16/2012,919.9036803
2/17/2012,920.2885411
2/20/2012,920.2885411
2/21/2012,909.5442608
2/22/2012,901.7609987
2/23/2012,914.0011439
2/24/2012,914.8338848
2/27/2012,914.014257
2/28/2012,907.6667971
2/29/2012,905.6205251
3/1/2012,910.7395601
3/2/2012,909.4930606
3/5/2012,917.4291373
3/6/2012,904.3751889
3/7/2012,909.7094638
3/8/2012,906.7537793
3/9/2012,911.4200587
3/12/2012,915.8269843
3/13/2012,934.5825841
3/14/2012,930.7239161
3/15/2012,932.0840104
3/16/2012,935.6292594
3/19/2012,942.3287935
3/20/2012,939.704487
3/21/2012,937.9817103
3/22/2012,926.3641939
3/23/2012,931.5883202
3/26/2012,940.5439608
3/27/2012,939.9174388
3/28/2012,937.8961934
3/29/2012,938.2361403
3/30/2012,946.0175249
4/2/2012,952.7749361
4/3/2012,948.1686658
4/4/2012,938.4470551
4/5/2012,935.2120723
4/6/2012,935.2120723
4/9/2012,925.7814909
4/10/2012,907.2693117
4/11/2012,919.3647155
4/12/2012,931.9548418
4/13/2012,925.6383404
4/16/2012,938.0121933
4/17/2012,946.3187466
4/18/2012,939.9300266
4/19/2012,939.5387691
4/20/2012,950.2597543
4/23/2012,939.7256103
4/24/2012,953.2234233
4/25/2012,963.7709507
4/26/2012,966.7029766
4/27/2012,972.1680079
4/30/2012,970.6552956
5/1/2012,978.3596026
5/2/2012,978.0927906
5/3/2012,974.8914086
5/4/2012,966.0273758
5/7/2012,971.9424282
5/8/2012,970.6520371
5/9/2012,967.6661787
5/10/2012,969.1361289
5/11/2012,971.222688
5/14/2012,959.2390036
5/15/2012,955.7916996
5/16/2012,944.8240609
5/17/2012,918.5863564
5/18/2012,908.591781
5/21/2012,928.2209885
5/22/2012,929.654214
5/23/2012,932.6528916
5/24/2012,936.0793325
5/25/2012,932.7497282
5/28/2012,932.7497282
5/29/2012,946.0757029
5/30/2012,924.5355739
5/31/2012,930.4262437
6/1/2012,907.2604286
6/4/2012,902.9950206
6/5/2012,919.117296
6/6/2012,939.8667743
6/7/2012,933.6484851
6/8/2012,945.9000889
6/11/2012,927.0924423
6/12/2012,936.9785235
6/13/2012,931.8722861
6/14/2012,945.1597751
6/15/2012,951.1053545
6/18/2012,957.4754554
6/19/2012,962.836644
6/20/2012,961.7463389
6/21/2012,946.4352595
6/22/2012,946.8790004
6/25/2012,941.4497676
6/26/2012,946.048058
6/27/2012,952.042254
6/28/2012,960.8354827
6/29/2012,983.5627584
7/2/2012,993.571547
7/3/2012,999.1641551
7/4/2012,999.1641551
7/5/2012,994.3005439
7/6/2012,996.3521697
7/9/2012,997.911607
7/10/2012,986.2682708
7/11/2012,988.3458158
7/12/2012,991.2454158
7/13/2012,1004.006543
7/16/2012,1006.763991
7/17/2012,1016.070832
7/18/2012,1006.837284
7/19/2012,998.7549105
7/20/2012,994.7553263
7/23/2012,988.9910925
7/24/2012,985.3657317
7/25/2012,985.6807304
7/26/2012,993.1179306
7/27/2012,1005.249701
7/30/2012,1007.329484
7/31/2012,1006.356479
8/1/2012,1002.573413
8/2/2012,1003.671024
8/3/2012,1012.500969
8/6/2012,1009.286835
8/7/2012,998.9340263
8/8/2012,992.4322117
8/9/2012,990.8381939
8/10/2012,992.3414576
8/13/2012,993.1894343
8/14/2012,992.5550286
8/15/2012,996.3035825
8/16/2012,1001.837513
8/17/2012,1003.799783
8/20/2012,1001.836769
8/21/2012,1001.494107
8/22/2012,1001.342831
8/23/2012,997.799007
8/24/2012,1002.220913
8/27/2012,1004.97513
8/28/2012,1008.021541
8/29/2012,1009.487288
8/30/2012,1007.505988
8/31/2012,1010.545416
9/3/2012,1010.545416
9/4/2012,1017.928725
9/5/2012,1016.278433
9/6/2012,1025.028372
9/7/2012,1026.428746
9/10/2012,1019.556781
9/11/2012,1023.786944
9/12/2012,1027.778111
9/13/2012,1040.940442
9/14/2012,1046.166655
9/17/2012,1041.610405
9/18/2012,1032.821675
9/19/2012,1028.47944
9/20/2012,1016.950374
9/21/2012,1017.683853
9/24/2012,1015.855443
9/25/2012,1001.558489
9/26/2012,1000.118112
9/27/2012,1005.402955
9/28/2012,1003.738972
10/1/2012,997.9883102
10/2/2012,1004.955568
10/3/2012,1008.946823
10/4/2012,1006.473087
10/5/2012,1008.728394
10/8/2012,1006.181713
10/9/2012,1000.668577
10/10/2012,1002.487112
10/11/2012,1002.224536
10/12/2012,997.7637871
10/15/2012,1005.217706
10/16/2012,1010.340806
10/17/2012,1011.251255
10/18/2012,1020.760158
10/19/2012,1012.111822
10/22/2012,1007.761292
10/23/2012,998.4758951
10/24/2012,999.4467292
10/25/2012,995.2368617
10/26/2012,988.5044099
10/29/2012,988.5044099
10/30/2012,988.5044099
10/31/2012,1000.263306
11/1/2012,1002.456415
11/2/2012,1006.626249
11/5/2012,1001.292508
11/6/2012,1002.523085
11/7/2012,996.5214578
11/8/2012,985.6040564
11/9/2012,983.3018322
11/12/2012,981.7220764
11/13/2012,977.7926947
11/14/2012,957.2901998
11/15/2012,954.4525821
11/16/2012,965.4260604
11/19/2012,976.4778388
11/20/2012,981.0147882
11/21/2012,980.5522301
11/22/2012,980.5522301
11/23/2012,989.5005316
11/26/2012,990.5160175
11/27/2012,985.6939413
11/28/2012,985.0840519
11/29/2012,990.4374488
11/30/2012,994.1960682
12/3/2012,997.0929304
12/4/2012,997.4640835
12/5/2012,993.044271
12/6/2012,1001.302087
12/7/2012,1005.280353
12/10/2012,1006.556594
12/11/2012,1008.161118
12/12/2012,1006.083273
12/13/2012,998.565054
12/14/2012,998.1180637
12/17/2012,1004.733528
12/18/2012,1014.044237
12/19/2012,1012.908954
12/20/2012,1026.133207
12/21/2012,1021.784893
12/24/2012,1023.680323
12/25/2012,1023.680323
12/26/2012,1018.118274
12/27/2012,1020.865856
12/28/2012,1013.467734
12/31/2012,1024.889642
1/1/2013,1024.889642
1/2/2013,1041.633296
1/3/2013,1041.107499
1/4/2013,1047.126396
1/7/2013,1049.098054
1/8/2013,1048.399747
1/9/2013,1052.42455
1/10/2013,1054.638401
1/11/2013,1054.749239
1/14/2013,1056.200083
1/15/2013,1061.463524
1/16/2013,1059.563702
1/17/2013,1063.53476
1/18/2013,1067.698509
1/21/2013,1067.698509
1/22/2013,1074.247071
1/23/2013,1074.120071
1/24/2013,1076.073938
1/25/2013,1081.430925
1/28/2013,1081.58974
1/29/2013,1084.317101
1/30/2013,1074.79073
1/31/2013,1069.65163
2/1/2013,1076.206119
2/4/2013,1073.445559
2/5/2013,1072.830033
2/6/2013,1075.119815
2/7/2013,1070.580731
2/8/2013,1079.824627
2/11/2013,1081.296721
2/12/2013,1088.382158
2/13/2013,1088.374026
2/14/2013,1084.797361
2/15/2013,1086.610538
2/18/2013,1086.610538
2/19/2013,1093.104653
2/20/2013,1083.89199
2/21/2013,1074.309579
2/22/2013,1084.88316
2/25/2013,1066.074764
2/26/2013,1075.075201
2/27/2013,1084.797582
2/28/2013,1084.690692
3/1/2013,1088.664406
3/4/2013,1096.545039
3/5/2013,1104.96042
3/6/2013,1100.680655
3/7/2013,1097.153549
3/8/2013,1098.375663
3/11/2013,1101.199112
3/12/2013,1097.544874
3/13/2013,1098.956514
3/14/2013,1106.078393
3/15/2013,1106.690036
3/18/2013,1101.640861
3/19/2013,1094.734105
3/20/2013,1100.460115
3/21/2013,1097.312544
3/22/2013,1104.427001
3/25/2013,1103.784082
3/26/2013,1112.965091
3/27/2013,1114.977697
3/28/2013,1120.007272
3/29/2013,1120.007272
4/1/2013,1121.388293
4/2/2013,1125.063135
4/3/2013,1117.886423
4/4/2013,1134.066883
4/5/2013,1136.864769
4/8/2013,1149.527902
4/9/2013,1148.342444
4/10/2013,1155.509912
4/11/2013,1162.1109
4/12/2013,1163.694318
4/15/2013,1137.436177
4/16/2013,1156.065084
4/17/2013,1140.937338
4/18/2013,1139.844432
4/19/2013,1156.092851
4/22/2013,1155.652235
4/23/2013,1164.005259
4/24/2013,1167.169309
4/25/2013,1165.896487
4/26/2013,1161.904167
4/29/2013,1171.069954
4/30/2013,1182.323335
5/1/2013,1172.308685
5/2/2013,1179.597012
5/3/2013,1180.520993
5/6/2013,1186.11675
5/7/2013,1193.03626
5/8/2013,1195.850373
5/9/2013,1187.651111
5/10/2013,1189.884396
5/13/2013,1191.594963
5/14/2013,1197.105009
5/15/2013,1206.661066
5/16/2013,1201.999202
5/17/2013,1210.4413
5/20/2013,1209.874269
5/21/2013,1215.571416
5/22/2013,1186.137993
5/23/2013,1168.924953
5/24/2013,1165.111326
5/27/2013,1165.111326
5/28/2013,1153.312631
5/29/2013,1130.78503
5/30/2013,1120.791929
5/31/2013,1106.097551
6/3/2013,1109.966179
6/4/2013,1097.411303
6/5/2013,1086.271778
6/6/2013,1106.415951
6/7/2013,1104.66839
6/10/2013,1095.308686
6/11/2013,1079.10575
6/12/2013,1063.017227
6/13/2013,1093.740016
6/14/2013,1097.262128
6/17/2013,1099.085756
6/18/2013,1104.341507
6/19/2013,1070.509303
6/20/2013,1027.815562
6/21/2013,1040.33931
6/24/2013,1032.205673
6/25/2013,1051.415509
6/26/2013,1065.404102
6/27/2013,1086.561851
6/28/2013,1081.073048
7/1/2013,1077.541533
7/2/2013,1090.423025
7/3/2013,1081.777088
7/4/2013,1081.777088
7/5/2013,1076.026336
7/8/2013,1078.423652
7/9/2013,1092.112076
7/10/2013,1092.463481
7/11/2013,1121.58633
7/12/2013,1116.476418
7/15/2013,1119.008183
7/16/2013,1117.467642
7/17/2013,1122.467098
7/18/2013,1130.896854
7/19/2013,1129.587307
7/22/2013,1132.834987
7/23/2013,1131.900262
7/24/2013,1109.149008
7/25/2013,1111.079187
7/26/2013,1112.242511
7/29/2013,1103.912372
7/30/2013,1103.536316
7/31/2013,1086.977261
8/1/2013,1082.394837
8/2/2013,1079.015055
8/5/2013,1077.469109
8/6/2013,1073.274938
8/7/2013,1068.916856
8/8/2013,1070.812107
8/9/2013,1079.996248
8/12/2013,1072.756881
8/13/2013,1057.131849
8/14/2013,1055.450174
8/15/2013,1035.054654
8/16/2013,1012.379892
8/19/2013,997.1160601
8/20/2013,1020.185967
8/21/2013,1018.151032
8/22/2013,1023.485412
8/23/2013,1036.038259
8/26/2013,1032.895365
8/27/2013,1028.64747
8/28/2013,1023.229635
8/29/2013,1025.92479
8/30/2013,1018.41497
9/2/2013,1018.41497
9/3/2013,1010.161474
9/4/2013,1017.62895
9/5/2013,1008.219212
9/6/2013,1025.464829
9/9/2013,1045.994601
9/10/2013,1045.062863
9/11/2013,1051.95529
9/12/2013,1045.113805
9/13/2013,1048.750445
9/16/2013,1058.627818
9/17/2013,1057.717012
9/18/2013,1092.812274
9/19/2013,1089.493513
9/20/2013,1071.225815
9/23/2013,1065.953669
9/24/2013,1059.367501
9/25/2013,1063.617563
9/26/2013,1069.410475
9/27/2013,1065.012901
9/30/2013,1054.571705
10/1/2013,1069.993173
10/2/2013,1070.077509
10/3/2013,1053.053838
10/4/2013,1051.561479
10/7/2013,1054.39073
10/8/2013,1042.567849
10/9/2013,1042.657506
10/10/2013,1067.857224
10/11/2013,1078.504017
10/14/2013,1077.787213
10/15/2013,1073.509529
10/16/2013,1093.200534
10/17/2013,1111.722299
10/18/2013,1109.481704
10/21/2013,1103.382006
10/22/2013,1115.313375
10/23/2013,1115.736833
10/24/2013,1117.466382
10/25/2013,1126.989347
10/28/2013,1118.952878
10/29/2013,1109.954258
10/30/2013,1101.664896
10/31/2013,1094.93708
11/1/2013,1100.061266
11/4/2013,1102.400291
11/5/2013,1085.183057
11/6/2013,1085.452795
11/7/2013,1070.988215
11/8/2013,1058.727914
11/11/2013,1057.878328
11/12/2013,1053.344683
11/13/2013,1061.177151
11/14/2013,1069.90144
11/15/2013,1073.210205
11/18/2013,1066.438248
11/19/2013,1058.260781
11/20/2013,1048.840518
11/21/2013,1055.833816
11/22/2013,1052.697951
11/25/2013,1048.075468
11/26/2013,1044.91882
11/27/2013,1056.176065
11/28/2013,1056.176065
11/29/2013,1046.460806
12/2/2013,1040.550539
12/3/2013,1038.948288
12/4/2013,1042.193943
12/5/2013,1043.670199
12/6/2013,1051.951197
12/9/2013,1057.810005
12/10/2013,1056.74723
12/11/2013,1034.681796
12/12/2013,1028.545331
12/13/2013,1032.843715
12/16/2013,1035.186948
12/17/2013,1040.680642
12/18/2013,1059.569691
12/19/2013,1045.388111
12/20/2013,1054.073568
12/23/2013,1056.038179
12/24/2013,1058.142532
12/25/2013,1058.142532
12/26/2013,1058.780437
12/27/2013,1058.91452
12/30/2013,1061.659825
12/31/2013,1058.530415
1/1/2014,1058.530415
1/2/2014,1057.315897
1/3/2014,1064.466168
1/6/2014,1067.572897
1/7/2014,1070.953907
1/8/2014,1068.116091
1/9/2014,1068.365981
1/10/2014,1080.678294
1/13/2014,1074.043434
1/14/2014,1081.189821
1/15/2014,1086.583868
1/16/2014,1088.847526
1/17/2014,1084.278871
1/20/2014,1084.278871
1/21/2014,1093.365407
1/22/2014,1097.411135
1/23/2014,1093.774058
1/24/2014,1078.545534
1/27/2014,1071.840684
1/28/2014,1082.508264
1/29/2014,1076.130499
1/30/2014,1090.748112
1/31/2014,1095.22151
2/3/2014,1076.529959
2/4/2014,1088.45297
2/5/2014,1086.764061
2/6/2014,1094.813398
2/7/2014,1103.567172
2/10/2014,1112.657937
2/11/2014,1117.28188
2/12/2014,1117.386108
2/13/2014,1123.058757
2/14/2014,1126.685084
2/17/2014,1126.685084
2/18/2014,1132.206296
2/19/2014,1131.817192
2/20/2014,1130.412417
2/21/2014,1131.565144
2/24/2014,1133.513314
2/25/2014,1134.679329
2/26/2014,1137.601296
2/27/2014,1136.684228
2/28/2014,1144.64801
3/3/2014,1144.472635
3/4/2014,1158.906487
3/5/2014,1156.587078
3/6/2014,1151.499904
3/7/2014,1139.630994
3/10/2014,1134.626109
3/11/2014,1139.905451
3/12/2014,1143.010158
3/13/2014,1138.752909
3/14/2014,1141.034457
3/17/2014,1142.826167
3/18/2014,1148.297226
3/19/2014,1126.832274
3/20/2014,1129.25011
3/21/2014,1138.52838
3/24/2014,1131.250317
3/25/2014,1138.445553
3/26/2014,1125.495759
3/27/2014,1131.591342
3/28/2014,1139.398593
3/31/2014,1147.43295
4/1/2014,1152.869387
4/2/2014,1153.386229
4/3/2014,1150.765362
4/4/2014,1152.729956
4/7/2014,1154.003559
4/8/2014,1159.84527
4/9/2014,1158.629473
4/10/2014,1147.846585
4/11/2014,1139.657862
4/14/2014,1146.287852
4/15/2014,1156.819367
4/16/2014,1164.767074
4/17/2014,1161.316365
4/18/2014,1161.316365
4/21/2014,1166.183303
4/22/2014,1170.14267
4/23/2014,1165.860726
4/24/2014,1169.743007
4/25/2014,1164.557224
4/28/2014,1172.20813
4/29/2014,1171.802844
4/30/2014,1177.485493
5/1/2014,1184.855578
5/2/2014,1185.488045
5/5/2014,1189.080979
5/6/2014,1183.525854
5/7/2014,1197.572879
5/8/2014,1197.590964
5/9/2014,1198.018704
5/12/2014,1202.463415
5/13/2014,1194.981624
5/14/2014,1196.870421
5/15/2014,1194.430623
5/16/2014,1203.882129
5/19/2014,1201.10037
5/20/2014,1195.978455
5/21/2014,1191.594708
5/22/2014,1190.443353
5/23/2014,1200.152029
5/26/2014,1200.152029
5/27/2014,1209.300442
5/28/2014,1203.469196
5/29/2014,1205.667438
5/30/2014,1211.402279
6/2/2014,1213.06349
6/3/2014,1211.852774
6/4/2014,1213.912984
6/5/2014,1233.385353
6/6/2014,1230.90528
6/9/2014,1218.642433
6/10/2014,1210.44781
6/11/2014,1206.824075
6/12/2014,1203.209894
6/13/2014,1206.552965
6/16/2014,1201.517113
6/17/2014,1203.573027
6/18/2014,1210.862481
6/19/2014,1218.953452
6/20/2014,1223.311977
6/23/2014,1220.487051
6/24/2014,1220.569469
6/25/2014,1220.726048
6/26/2014,1220.139042
6/27/2014,1227.891691
6/30/2014,1227.858226
7/1/2014,1231.636093
7/2/2014,1229.397241
7/3/2014,1224.51607
7/4/2014,1224.51607
7/7/2014,1225.71694
7/8/2014,1229.122954
7/9/2014,1231.342512
7/10/2014,1235.220322
7/11/2014,1235.009507
7/14/2014,1240.586179
7/15/2014,1240.743263
7/16/2014,1244.235693
7/17/2014,1236.529537
7/18/2014,1249.05398
7/21/2014,1244.408887
7/22/2014,1250.07158
7/23/2014,1252.40519
7/24/2014,1250.85964
7/25/2014,1242.073893
7/28/2014,1249.68345
7/29/2014,1243.062117
7/30/2014,1241.633013
7/31/2014,1223.535304
8/1/2014,1221.440643
8/4/2014,1228.313067
8/5/2014,1217.942494
8/6/2014,1220.885791
8/7/2014,1223.766639
8/8/2014,1231.625009
8/11/2014,1238.241379
8/12/2014,1235.036215
8/13/2014,1249.878078
8/14/2014,1250.587022
8/15/2014,1250.148177
8/18/2014,1262.409702
8/19/2014,1265.223445
8/20/2014,1269.247356
8/21/2014,1269.362729
8/22/2014,1260.125185
8/25/2014,1258.682075
8/26/2014,1260.545349
8/27/2014,1262.379662
8/28/2014,1260.611638
8/29/2014,1266.506454
9/1/2014,1266.506454
9/2/2014,1267.574777
9/3/2014,1268.50071
9/4/2014,1264.690293
9/5/2014,1277.568525
9/8/2014,1275.59056
9/9/2014,1267.797526
9/10/2014,1250.994898
9/11/2014,1253.060796
9/12/2014,1216.944731
9/15/2014,1211.545488
9/16/2014,1222.230171
9/17/2014,1222.422253
9/18/2014,1213.390939
9/19/2014,1214.288771
9/22/2014,1203.854771
9/23/2014,1195.2401
9/24/2014,1194.421898
9/25/2014,1188.36055
9/26/2014,1202.110204
9/29/2014,1201.183198
9/30/2014,1194.185547
10/1/2014,1194.371255
10/2/2014,1193.354321
10/3/2014,1200.877455
10/6/2014,1203.318763
10/7/2014,1194.471055
10/8/2014,1218.815209
10/9/2014,1215.500998
10/10/2014,1214.414051
10/13/2014,1212.75466
10/14/2014,1231.247712
10/15/2014,1224.35933
10/16/2014,1228.180331
10/17/2014,1232.636399
10/20/2014,1249.973484
10/21/2014,1262.782426
10/22/2014,1260.203574
10/23/2014,1270.70694
10/24/2014,1270.765858
10/27/2014,1278.023114
10/28/2014,1283.443696
10/29/2014,1274.62055
10/30/2014,1285.120963
10/31/2014,1296.228396
11/3/2014,1305.109081
11/4/2014,1305.399477
11/5/2014,1305.613092
11/6/2014,1298.857521
11/7/2014,1298.727295
11/10/2014,1306.378778
11/11/2014,1302.246526
11/12/2014,1295.17173
11/13/2014,1300.359297
11/14/2014,1291.812438
11/17/2014,1296.037825
11/18/2014,1301.802082
11/19/2014,1293.195165
11/20/2014,1297.518649
11/21/2014,1306.066617
11/24/2014,1310.74272
11/25/2014,1313.659513
11/26/2014,1324.364212
11/27/2014,1324.364212
11/28/2014,1327.729469
12/1/2014,1322.615731
12/2/2014,1327.553328
12/3/2014,1326.027152
12/4/2014,1328.24818
12/5/2014,1321.858245
12/8/2014,1326.717897
12/9/2014,1333.057512
12/10/2014,1328.587173
12/11/2014,1330.743034
12/12/2014,1318.520329
12/15/2014,1302.677025
12/16/2014,1297.517859
12/17/2014,1326.083681
12/18/2014,1337.134185
12/19/2014,1340.004791
12/22/2014,1358.709283
12/23/2014,1355.571978
12/24/2014,1350.837762
12/25/2014,1350.837762
12/26/2014,1355.892821
12/29/2014,1362.205535
12/30/2014,1360.245461
12/31/2014,1339.508393
1/1/2015,1339.508393
1/2/2015,1357.890318
1/5/2015,1360.573911
1/6/2015,1370.364651
1/7/2015,1389.245397
1/8/2015,1395.512147
1/9/2015,1395.000313
1/12/2015,1402.969313
1/13/2015,1398.898388
1/14/2015,1407.842203
1/15/2015,1409.001637
1/16/2015,1422.036339
1/19/2015,1422.036339
1/20/2015,1410.951484
1/21/2015,1409.511031
1/22/2015,1436.565636
1/23/2015,1433.694487
1/26/2015,1447.126061
1/27/2015,1444.584861
1/28/2015,1434.963009
1/29/2015,1438.321783
1/30/2015,1412.638334
2/2/2015,1410.557553
2/3/2015,1424.819752
2/4/2015,1417.226313
2/5/2015,1433.749488
2/6/2015,1396.605987
2/9/2015,1389.380128
2/10/2015,1393.711313
2/11/2015,1390.704043
2/12/2015,1406.237904
2/13/2015,1399.338314
2/16/2015,1399.338314
2/17/2015,1396.023378
2/18/2015,1406.931715
2/19/2015,1381.409599
2/20/2015,1394.106975
2/23/2015,1403.881523
2/24/2015,1378.7129
2/25/2015,1381.553993
2/26/2015,1370.09058
2/27/2015,1379.100183
3/2/2015,1386.489427
3/3/2015,1381.861014
3/4/2015,1370.487531
3/5/2015,1374.353909
3/6/2015,1333.04937
3/9/2015,1343.075119
3/10/2015,1338.434321
3/11/2015,1339.599357
3/12/2015,1361.766683
3/13/2015,1357.718139
3/16/2015,1372.493377
3/17/2015,1370.93648
3/18/2015,1398.169883
3/19/2015,1395.585696
3/20/2015,1427.890827
3/23/2015,1426.536802
3/24/2015,1415.187244
3/25/2015,1391.89596
3/26/2015,1385.114211
3/27/2015,1389.570837
3/30/2015,1406.013899
3/31/2015,1395.514439
4/1/2015,1395.319051
4/2/2015,1405.200938
4/3/2015,1405.200938
4/6/2015,1418.158523
4/7/2015,1396.766153
4/8/2015,1399.340927
4/9/2015,1374.701921
4/10/2015,1374.925849
4/13/2015,1370.698733
4/14/2015,1374.26545
4/15/2015,1367.055332
4/16/2015,1372.007637
4/17/2015,1363.928563
4/20/2015,1366.874124
4/21/2015,1367.726533
4/22/2015,1371.351885
4/23/2015,1373.774572
4/24/2015,1376.028258
4/27/2015,1374.16147
4/28/2015,1373.531259
4/29/2015,1348.419757
4/30/2015,1329.883914
5/1/2015,1338.644514
5/4/2015,1341.428808
5/5/2015,1313.084329
5/6/2015,1309.444007
5/7/2015,1326.810533
5/8/2015,1345.295747
5/11/2015,1326.597409
5/12/2015,1328.945785
5/13/2015,1318.504071
5/14/2015,1342.310399
5/15/2015,1353.797595
5/18/2015,1350.960224
5/19/2015,1348.864365
5/20/2015,1346.154051
5/21/2015,1339.213187
5/22/2015,1338.997691
5/25/2015,1338.997691
5/26/2015,1330.58396
5/27/2015,1342.187432
5/28/2015,1339.044956
5/29/2015,1326.066504
6/1/2015,1339.72463
6/2/2015,1329.696428
6/3/2015,1313.1464
6/4/2015,1311.578275
6/5/2015,1296.821479
6/8/2015,1293.896404
6/9/2015,1285.2079
6/10/2015,1294.429999
6/11/2015,1303.42345
6/12/2015,1300.983764
6/15/2015,1293.920326
6/16/2015,1303.743437
6/17/2015,1313.094816
6/18/2015,1331.152566
6/19/2015,1321.596469
6/22/2015,1311.043929
6/23/2015,1303.26225
6/24/2015,1295.422901
6/25/2015,1283.712959
6/26/2015,1289.663415
6/29/2015,1268.867075
6/30/2015,1270.292884
7/1/2015,1288.301509
7/2/2015,1291.670602
7/3/2015,1291.670602
7/6/2015,1297.68351
7/7/2015,1316.740864
7/8/2015,1309.015608
7/9/2015,1303.480133
7/10/2015,1314.083659
7/13/2015,1316.488256
7/14/2015,1319.204342
7/15/2015,1320.677314
7/16/2015,1330.705509
7/17/2015,1324.880027
7/20/2015,1327.497225
7/21/2015,1322.626882
7/22/2015,1327.067679
7/23/2015,1315.40737
7/24/2015,1316.221764
7/27/2015,1317.540433
7/28/2015,1320.410812
7/29/2015,1327.650388
7/30/2015,1322.349074
7/31/2015,1330.400179
8/3/2015,1336.846833
8/4/2015,1329.957702
8/5/2015,1322.868782
8/6/2015,1323.191246
8/7/2015,1327.049721
8/10/2015,1325.528201
8/11/2015,1334.231952
8/12/2015,1337.262863
8/13/2015,1339.445521
8/14/2015,1347.242587
8/17/2015,1357.707826
8/18/2015,1358.216691
8/19/2015,1350.268415
8/20/2015,1338.845861
8/21/2015,1312.887773
8/24/2015,1252.434183
8/25/2015,1221.838307
8/26/2015,1252.907591
8/27/2015,1277.3854
8/28/2015,1275.78977
8/31/2015,1250.933292
9/1/2015,1227.357567
9/2/2015,1240.648257
9/3/2015,1244.060741
9/4/2015,1220.464532
9/7/2015,1220.464532
9/8/2015,1238.842313
9/9/2015,1223.555472
9/10/2015,1226.043881
9/11/2015,1246.192922
9/14/2015,1245.790559
9/15/2015,1256.078663
9/16/2015,1271.138078
9/17/2015,1284.693756
9/18/2015,1279.73636
9/21/2015,1290.975692
9/22/2015,1273.646643
9/23/2015,1281.101704
9/24/2015,1269.429505
9/25/2015,1274.036104
9/28/2015,1250.362918
9/29/2015,1260.546729
9/30/2015,1271.290966
10/1/2015,1276.689433
10/2/2015,1287.77797
10/5/2015,1312.542301
10/6/2015,1308.458158
10/7/2015,1323.342652
10/8/2015,1334.142377
10/9/2015,1331.943403
10/12/2015,1339.104278
10/13/2015,1328.657072
10/14/2015,1319.206307
10/15/2015,1336.447547
10/16/2015,1346.37372
10/19/2015,1362.557894
10/20/2015,1363.035531
10/21/2015,1357.877701
10/22/2015,1372.88082
10/23/2015,1360.694136
10/26/2015,1360.019901
10/27/2015,1356.554157
10/28/2015,1362.944808
10/29/2015,1361.313107
10/30/2015,1350.653433
11/2/2015,1379.32512
11/3/2015,1367.607581
11/4/2015,1361.085189
11/5/2015,1364.820592
11/6/2015,1327.085324
11/9/2015,1308.084265
11/10/2015,1320.648126
11/11/2015,1323.049037
11/12/2015,1312.292238
11/13/2015,1298.522166
11/16/2015,1313.192556
11/17/2015,1314.030592
11/18/2015,1328.069086
11/19/2015,1331.545222
11/20/2015,1345.789386
11/23/2015,1347.602073
11/24/2015,1342.019772
11/25/2015,1347.459919
11/26/2015,1347.459919
11/27/2015,1358.471857
11/30/2015,1348.987241
12/1/2015,1365.874299
12/2/2015,1338.932997
12/3/2015,1319.100605
12/4/2015,1341.272729
12/7/2015,1336.793213
12/8/2015,1333.523522
12/9/2015,1325.240333
12/10/2015,1317.040295
12/11/2015,1311.398988
12/14/2015,1313.073684
12/15/2015,1328.163332
12/16/2015,1354.649767
12/17/2015,1348.425666
12/18/2015,1332.264405
12/21/2015,1338.333351
12/22/2015,1345.355596
12/23/2015,1359.764354
12/24/2015,1359.281975
12/25/2015,1359.281975
12/28/2015,1364.778252
12/29/2015,1378.075126
12/30/2015,1370.015958
12/31/2015,1359.600821
1/1/2016,1359.600821
1/4/2016,1344.686937
1/5/2016,1369.35035
1/6/2016,1362.921117
1/7/2016,1334.308733
1/8/2016,1316.48627
1/11/2016,1322.226421
1/12/2016,1312.516899
1/13/2016,1291.080179
1/14/2016,1290.721203
1/15/2016,1275.220146
1/18/2016,1275.220146
1/19/2016,1279.722709
1/20/2016,1246.372525
1/21/2016,1254.800579
1/22/2016,1289.774309
1/25/2016,1276.492644
1/26/2016,1305.000559
1/27/2016,1283.443927
1/28/2016,1276.374024
1/29/2016,1304.665616
2/1/2016,1305.131028
2/2/2016,1290.739893
2/3/2016,1297.730848
2/4/2016,1299.40056
2/5/2016,1271.392
2/8/2016,1234.424187
2/9/2016,1213.684443
2/10/2016,1220.782729
2/11/2016,1203.065638
2/12/2016,1218.155328
2/15/2016,1218.155328
2/16/2016,1241.372333
2/17/2016,1254.101109
2/18/2016,1263.977234
2/19/2016,1268.093372
2/22/2016,1283.345954
2/23/2016,1278.804662
2/24/2016,1279.581826
2/25/2016,1304.284122
2/26/2016,1299.24497
2/29/2016,1296.926849
3/1/2016,1330.306638
3/2/2016,1340.387836
3/3/2016,1348.143015
3/4/2016,1350.030868
3/7/2016,1353.241442
3/8/2016,1338.423775
3/9/2016,1345.239801
3/10/2016,1340.187635
3/11/2016,1372.516249
3/14/2016,1370.788157
3/15/2016,1369.749959
3/16/2016,1385.951351
3/17/2016,1406.608742
3/18/2016,1401.555899
3/21/2016,1391.989324
3/22/2016,1393.021628
3/23/2016,1382.846394
3/24/2016,1384.352589
3/25/2016,1384.352589
3/28/2016,1394.961591
3/29/2016,1423.793748
3/30/2016,1421.280641
3/31/2016,1430.316729
4/1/2016,1430.180289
4/4/2016,1427.864847
4/5/2016,1419.16739
4/6/2016,1423.906511
4/7/2016,1414.449795
4/8/2016,1424.218422
4/11/2016,1422.029686
4/12/2016,1431.614392
4/13/2016,1429.469558
4/14/2016,1421.636994
4/15/2016,1431.023886
4/18/2016,1436.656116
4/19/2016,1438.21909
4/20/2016,1417.96953
4/21/2016,1394.273696
4/22/2016,1409.059488
4/25/2016,1418.456449
4/26/2016,1424.582184
4/27/2016,1423.741537
4/28/2016,1419.701253
4/29/2016,1408.34423
5/2/2016,1428.619864
5/3/2016,1425.136042
5/4/2016,1444.817399
5/5/2016,1449.277809
5/6/2016,1463.355306
5/9/2016,1476.234313
5/10/2016,1477.990113
5/11/2016,1450.299728
5/12/2016,1458.860963
5/13/2016,1446.08793
5/16/2016,1459.381513
5/17/2016,1434.484035
5/18/2016,1415.574469
5/19/2016,1400.828421
5/20/2016,1412.534081
5/23/2016,1412.668227
5/24/2016,1429.354361
5/25/2016,1431.193535
5/26/2016,1433.19975
5/27/2016,1440.060767
5/30/2016,1440.060767
5/31/2016,1440.789014
6/1/2016,1442.259511
6/2/2016,1449.710675
6/3/2016,1454.279562
6/6/2016,1446.601815
6/7/2016,1454.54327
6/8/2016,1462.886516
6/9/2016,1466.067364
6/10/2016,1458.873858
6/13/2016,1456.258739
6/14/2016,1449.253676
6/15/2016,1461.466258
6/16/2016,1469.215174
6/17/2016,1466.853726
6/20/2016,1469.789364
6/21/2016,1475.695146
6/22/2016,1473.048315
6/23/2016,1484.430541
6/24/2016,1465.326107
6/27/2016,1461.407231
6/28/2016,1493.461288
6/29/2016,1514.542893
6/30/2016,1529.860894
7/1/2016,1530.794987
7/4/2016,1530.794987
7/5/2016,1540.834724
7/6/2016,1536.975655
7/7/2016,1522.236532
7/8/2016,1546.780216
7/11/2016,1557.003364
7/12/2016,1559.601172
7/13/2016,1565.637199
7/14/2016,1555.350463
7/15/2016,1555.532911
7/18/2016,1559.428094
7/19/2016,1566.69494
7/20/2016,1567.653346
7/21/2016,1569.985623
7/22/2016,1582.582159
7/25/2016,1579.436619
7/26/2016,1574.264616
7/27/2016,1562.77067
7/28/2016,1574.445226
7/29/2016,1590.421214
8/1/2016,1596.41878
8/2/2016,1572.597027
8/3/2016,1565.90578
8/4/2016,1561.375979
8/5/2016,1563.740393
8/8/2016,1564.285163
8/9/2016,1571.047357
8/10/2016,1570.467148
8/11/2016,1555.327071
8/12/2016,1560.282511
8/15/2016,1558.840009
8/16/2016,1540.400052
8/17/2016,1545.059203
8/18/2016,1540.698675
8/19/2016,1531.442877
8/22/2016,1538.747118
8/23/2016,1542.29082
8/24/2016,1534.745076
8/25/2016,1540.988575
8/26/2016,1526.244665
8/29/2016,1540.763361
8/30/2016,1539.437038
8/31/2016,1540.762965
9/1/2016,1537.82715
9/2/2016,1551.261792
9/5/2016,1551.261792
9/6/2016,1563.42146
9/7/2016,1572.23685
9/8/2016,1553.636703
9/9/2016,1491.306823
9/12/2016,1509.028471
9/13/2016,1470.346877
9/14/2016,1474.941741
9/15/2016,1482.154834
9/16/2016,1480.572085
9/19/2016,1495.04464
9/20/2016,1492.350237
9/21/2016,1511.419988
9/22/2016,1540.369636
9/23/2016,1543.769399
9/26/2016,1545.695348
9/27/2016,1531.620395
9/28/2016,1544.273633
9/29/2016,1524.870754
9/30/2016,1517.372691
10/3/2016,1492.462007
10/4/2016,1470.602866
10/5/2016,1441.565775
10/6/2016,1443.083834
10/7/2016,1439.301417
10/10/2016,1448.53614
10/11/2016,1434.312975
10/12/2016,1452.68243
10/13/2016,1462.121499
10/14/2016,1457.604179
10/17/2016,1459.771278
10/18/2016,1468.612238
10/19/2016,1473.626977
10/20/2016,1469.346476
10/21/2016,1466.990909
10/24/2016,1472.089672
10/25/2016,1467.7686
10/26/2016,1448.943847
10/27/2016,1414.484635
10/28/2016,1417.745905
10/31/2016,1438.250748
11/1/2016,1407.458131
11/2/2016,1385.923422
11/3/2016,1378.110829
11/4/2016,1387.172251
11/7/2016,1411.327084
11/8/2016,1418.611378
11/9/2016,1394.622374
11/10/2016,1370.145279
11/11/2016,1377.041485
11/14/2016,1404.470964
11/15/2016,1395.490756
11/16/2016,1395.261225
11/17/2016,1383.468673
11/18/2016,1387.634715
11/21/2016,1386.669747
11/22/2016,1410.836044
11/23/2016,1404.097626
11/24/2016,1404.097626
11/25/2016,1411.332051
11/28/2016,1414.853677
11/29/2016,1426.583579
11/30/2016,1409.141718
12/1/2016,1388.417242
12/2/2016,1402.860584
12/5/2016,1414.404268
12/6/2016,1421.508091
12/7/2016,1450.444963
12/8/2016,1459.23401
12/9/2016,1457.59648
12/12/2016,1466.682889
12/13/2016,1468.15144
12/14/2016,1437.751727
12/15/2016,1429.108025
12/16/2016,1448.804665
12/19/2016,1463.440311
12/20/2016,1466.393929
12/21/2016,1447.343164
12/22/2016,1445.208301
12/23/2016,1448.523209
12/26/2016,1448.523209
12/27/2016,1450.792688
12/28/2016,1440.980416
12/29/2016,1457.070245
12/30/2016,1470.989106
1/2/2017,1470.989106
1/3/2017,1476.987408
1/4/2017,1498.201307
1/5/2017,1502.062581
1/6/2017,1499.223748
1/9/2017,1487.273128
1/10/2017,1474.825251
1/11/2017,1468.693254
1/12/2017,1474.484203
1/13/2017,1473.31252
1/16/2017,1473.31252
1/17/2017,1484.024465
1/18/2017,1485.75953
1/19/2017,1470.438393
1/20/2017,1480.513243
1/23/2017,1491.64859
1/24/2017,1493.874137
1/25/2017,1486.961772
1/26/2017,1484.957914
1/27/2017,1470.373179
1/30/2017,1461.191286
1/31/2017,1472.302507
2/1/2017,1455.400174
2/2/2017,1471.396304
2/3/2017,1482.100356
2/6/2017,1476.116909
2/7/2017,1472.682668
2/8/2017,1483.793603
2/9/2017,1489.027512
2/10/2017,1499.7498
2/13/2017,1504.937457
2/14/2017,1497.642609
2/15/2017,1493.836641
2/16/2017,1501.187922
2/17/2017,1504.049131
2/20/2017,1504.049131
2/21/2017,1523.268704
2/22/2017,1518.808098
2/23/2017,1526.037954
2/24/2017,1533.664386
2/27/2017,1542.397966
2/28/2017,1533.710838
3/1/2017,1530.09742
3/2/2017,1523.780155
3/3/2017,1519.374884
3/6/2017,1511.433
3/7/2017,1505.090877
3/8/2017,1480.51473
3/9/2017,1461.557428
3/10/2017,1459.031941
3/13/2017,1462.107627
3/14/2017,1459.319348
3/15/2017,1487.834956
3/16/2017,1485.255905
3/17/2017,1490.562872
3/20/2017,1489.105147
3/21/2017,1484.083464
3/22/2017,1484.798498
3/23/2017,1495.781895
3/24/2017,1494.787706
3/27/2017,1483.896786
3/28/2017,1490.94797
3/29/2017,1498.075346
3/30/2017,1502.143139
3/31/2017,1510.370767
4/3/2017,1511.082825
4/4/2017,1510.372608
4/5/2017,1510.728029
4/6/2017,1520.359337
4/7/2017,1522.602501
4/10/2017,1532.440884
4/11/2017,1542.652784
4/12/2017,1539.610785
4/13/2017,1535.695545
4/14/2017,1535.695545
4/17/2017,1554.566339
4/18/2017,1558.370284
4/19/2017,1556.37396
4/20/2017,1557.128957
4/21/2017,1551.263979
4/24/2017,1537.39912
4/25/2017,1541.971776
4/26/2017,1530.823695
4/27/2017,1532.14649
4/28/2017,1517.838183
5/1/2017,1527.019031
5/2/2017,1525.153499
5/3/2017,1506.097358
5/4/2017,1499.896326
5/5/2017,1513.896857
5/8/2017,1505.489559
5/9/2017,1497.076608
5/10/2017,1505.72427
5/11/2017,1497.076751
5/12/2017,1491.820122
5/15/2017,1498.735435
5/16/2017,1489.803776
5/17/2017,1496.186248
5/18/2017,1501.893801
5/19/2017,1510.920202
5/22/2017,1516.355794
5/23/2017,1518.531843
5/24/2017,1528.626855
5/25/2017,1530.822727
5/26/2017,1521.552026
5/29/2017,1521.552026
5/30/2017,1515.710011
5/31/2017,1515.800912
6/1/2017,1524.838934
6/2/2017,1538.642528
6/5/2017,1531.665576
6/6/2017,1524.632617
6/7/2017,1532.921287
6/8/2017,1528.844182
6/9/2017,1538.867581
6/12/2017,1549.184538
6/13/2017,1552.832419
6/14/2017,1556.577467
6/15/2017,1561.923815
6/16/2017,1559.636632
6/19/2017,1561.680366
6/20/2017,1556.983799
6/21/2017,1551.263299
6/22/2017,1553.157559
6/23/2017,1560.022594
6/26/2017,1569.234198
6/27/2017,1560.429231
6/28/2017,1563.033229
6/29/2017,1546.694613
6/30/2017,1546.447402
7/3/2017,1563.617049
7/4/2017,1563.617049
7/5/2017,1544.495641
7/6/2017,1517.112802
7/7/2017,1527.775602
7/10/2017,1512.704575
7/11/2017,1511.915832
7/12/2017,1531.447548
7/13/2017,1533.963925
7/14/2017,1548.862051
7/17/2017,1555.574545
7/18/2017,1553.714035
7/19/2017,1566.012528
7/20/2017,1559.234279
7/21/2017,1560.770489
7/24/2017,1559.070154
7/25/2017,1561.548228
7/26/2017,1569.754929
7/27/2017,1569.237903
7/28/2017,1567.121558
7/31/2017,1566.924998
8/1/2017,1573.06952
8/2/2017,1562.093695
8/3/2017,1557.996241
8/4/2017,1563.684806
8/7/2017,1562.465458
8/8/2017,1553.60356
8/9/2017,1550.506108
8/10/2017,1538.813061
8/11/2017,1530.341673
8/14/2017,1556.233399
8/15/2017,1551.075998
8/16/2017,1557.021785
8/17/2017,1545.6446
8/18/2017,1533.626828
8/21/2017,1549.5891
8/22/2017,1547.921199
8/23/2017,1560.830604
8/24/2017,1558.495504
8/25/2017,1565.436323
8/28/2017,1557.57499
8/29/2017,1555.426018
8/30/2017,1565.114651
8/31/2017,1574.957444
9/1/2017,1576.468116
9/4/2017,1576.468116
9/5/2017,1573.015387
9/6/2017,1575.639698
9/7/2017,1585.297412
9/8/2017,1585.711879
9/11/2017,1598.410272
9/12/2017,1581.928459
9/13/2017,1577.105905
9/14/2017,1587.248215
9/15/2017,1591.32288
9/18/2017,1584.369752
9/19/2017,1571.119789
9/20/2017,1567.328892
9/21/2017,1562.922882
9/22/2017,1553.658166
9/25/2017,1561.703706
9/26/2017,1562.115451
9/27/2017,1550.426761
9/28/2017,1562.044844
9/29/2017,1563.84116
10/2/2017,1561.019424
10/3/2017,1561.344355
10/4/2017,1571.840243
10/5/2017,1576.911304
10/6/2017,1572.048382
10/9/2017,1574.511875
10/10/2017,1577.941108
10/11/2017,1584.794514
10/12/2017,1594.408629
10/13/2017,1597.289661
10/16/2017,1590.715052
10/17/2017,1591.774068
10/18/2017,1589.989478
10/19/2017,1587.400797
10/20/2017,1582.289613
10/23/2017,1574.758036
10/24/2017,1566.78276
10/25/2017,1561.514493
10/26/2017,1553.372533
10/27/2017,1560.127446
10/30/2017,1563.093302
10/31/2017,1567.082514
11/1/2017,1568.570476
11/2/2017,1580.689677
11/3/2017,1577.301191
11/6/2017,1597.178003
11/7/2017,1609.105814
11/8/2017,1618.79437
11/9/2017,1618.47363
11/10/2017,1619.092162
11/13/2017,1624.516777
11/14/2017,1622.222974
11/15/2017,1609.321308
11/16/2017,1618.644052
11/17/2017,1611.441303
11/20/2017,1607.928055
11/21/2017,1619.238595
11/22/2017,1614.729443
11/23/2017,1614.729443
11/24/2017,1619.396319
11/27/2017,1613.338843
11/28/2017,1608.592503
11/29/2017,1607.402464
11/30/2017,1609.052927
12/1/2017,1611.655472
12/4/2017,1598.014665
12/5/2017,1588.39503
12/6/2017,1587.925315
12/7/2017,1594.614263
12/8/2017,1599.875336
12/11/2017,1600.982187
12/12/2017,1607.472382
12/13/2017,1609.842226
12/14/2017,1609.024921
12/15/2017,1617.090331
12/18/2017,1625.581111
12/19/2017,1593.820903
12/20/2017,1576.538403
12/21/2017,1571.622856
12/22/2017,1581.600224
12/25/2017,1581.600224
12/26/2017,1589.555758
12/27/2017,1595.763432
12/28/2017,1605.033918
12/29/2017,1603.984966
1/1/2018,1603.984966
1/2/2018,1597.374507
1/3/2018,1595.591059
1/4/2018,1569.279493
1/5/2018,1572.167419
1/8/2018,1580.548469
1/9/2018,1562.68656
1/10/2018,1542.225382
1/11/2018,1536.929741
1/12/2018,1525.32713
1/15/2018,1525.32713
1/16/2018,1530.031787
1/17/2018,1541.116017
1/18/2018,1524.901038
1/19/2018,1535.615795
1/22/2018,1549.417645
1/23/2018,1569.840726
1/24/2018,1563.189051
1/25/2018,1562.041363
1/26/2018,1561.840436
1/29/2018,1542.522801
1/30/2018,1533.153624
1/31/2018,1560.274933
2/1/2018,1532.694868
2/2/2018,1516.634052
2/5/2018,1472.436404
2/6/2018,1471.217291
2/7/2018,1465.447706
2/8/2018,1421.148499
2/9/2018,1453.094955
2/12/2018,1456.503466
2/13/2018,1465.365147
2/14/2018,1458.226925
2/15/2018,1473.095818
2/16/2018,1484.478705
2/19/2018,1484.478705
2/20/2018,1467.091126
2/21/2018,1441.600814
2/22/2018,1456.941527
2/23/2018,1481.401623
2/26/2018,1486.499592
2/27/2018,1453.823672
2/28/2018,1451.483679
3/1/2018,1447.101466
3/2/2018,1444.87414
3/5/2018,1462.113975
3/6/2018,1469.187252
3/7/2018,1478.564964
3/8/2018,1484.517258
3/9/2018,1493.723171
3/12/2018,1501.28192
3/13/2018,1503.442884
3/14/2018,1504.849676
3/15/2018,1503.768221
3/16/2018,1512.945363
3/19/2018,1499.977443
3/20/2018,1496.721449
3/21/2018,1485.131207
3/22/2018,1477.831315
3/23/2018,1452.865112
3/26/2018,1472.084899
3/27/2018,1475.618402
3/28/2018,1507.088227
3/29/2018,1506.304632
3/30/2018,1506.304632
4/2/2018,1486.144338
4/3/2018,1496.065449
4/4/2018,1512.879452
4/5/2018,1512.593812
4/6/2018,1500.154137
4/9/2018,1497.061698
4/10/2018,1492.34537
4/11/2018,1495.85557
4/12/2018,1480.152971
4/13/2018,1487.087043
4/16/2018,1496.191194
4/17/2018,1514.117191
4/18/2018,1511.231238
4/19/2018,1488.909139
4/20/2018,1476.158395
4/23/2018,1476.57911
4/24/2018,1480.446697
4/25/2018,1476.90054
4/26/2018,1494.372443
4/27/2018,1515.553702
4/30/2018,1511.069096
5/1/2018,1521.858233
5/2/2018,1517.134125
5/3/2018,1517.853715
5/4/2018,1534.037609
5/7/2018,1542.757835
5/8/2018,1534.533684
5/9/2018,1544.882298
5/10/2018,1557.677685
5/11/2018,1551.219274
5/14/2018,1538.773239
5/15/2018,1514.634702
5/16/2018,1511.277271
5/17/2018,1504.19134
5/18/2018,1506.48834
5/21/2018,1522.768895
5/22/2018,1524.77356
5/23/2018,1539.245582
5/24/2018,1535.324264
5/25/2018,1541.765418
5/28/2018,1541.765418
5/29/2018,1547.023056
5/30/2018,1568.063613
5/31/2018,1563.251482
6/1/2018,1569.800644
6/4/2018,1584.465623
6/5/2018,1579.065021
6/6/2018,1583.654802
6/7/2018,1583.011973
6/8/2018,1589.100366
6/11/2018,1587.05209
6/12/2018,1596.900341
6/13/2018,1565.961818
6/14/2018,1580.601805
6/15/2018,1578.650149
6/18/2018,1579.71055
6/19/2018,1578.949844
6/20/2018,1596.256153
6/21/2018,1603.336632
6/22/2018,1614.901789
6/25/2018,1611.222732
6/26/2018,1616.859707
6/27/2018,1610.325253
6/28/2018,1624.814343
6/29/2018,1627.745641
7/2/2018,1620.117061
7/3/2018,1631.180819
7/4/2018,1631.180819
7/5/2018,1651.388043
7/6/2018,1658.890502
7/9/2018,1645.331329
7/10/2018,1649.617839
7/11/2018,1644.673395
7/12/2018,1648.487808
7/13/2018,1645.076367
7/16/2018,1635.773997
7/17/2018,1625.466683
7/18/2018,1618.111029
7/19/2018,1635.884206
7/20/2018,1620.704993
7/23/2018,1618.087706
7/24/2018,1610.13888
7/25/2018,1621.425514
7/26/2018,1626.876234
7/27/2018,1610.240814
7/30/2018,1611.25085
7/31/2018,1639.18768
8/1/2018,1648.314916
8/2/2018,1642.557023
8/3/2018,1659.699423
8/6/2018,1658.566539
8/7/2018,1654.797607
8/8/2018,1646.438492
8/9/2018,1647.745759
8/10/2018,1632.436824
8/13/2018,1630.981943
8/14/2018,1640.105049
8/15/2018,1652.618642
8/16/2018,1664.984312
8/17/2018,1680.907447
8/20/2018,1681.305295
8/21/2018,1671.218496
8/22/2018,1662.163365
8/23/2018,1658.591373
8/24/2018,1667.469413
8/27/2018,1664.665923
8/28/2018,1684.311076
8/29/2018,1683.311309
8/30/2018,1674.687807
8/31/2018,1680.469058
9/3/2018,1680.469058
9/4/2018,1662.428018
9/5/2018,1671.843176
9/6/2018,1676.164039
9/7/2018,1657.852084
9/10/2018,1665.137215
9/11/2018,1663.949948
9/12/2018,1664.236068
9/13/2018,1673.947539
9/14/2018,1662.346368
9/17/2018,1669.005089
9/18/2018,1660.447781
9/19/2018,1641.159063
9/20/2018,1656.349661
9/21/2018,1655.143671
9/24/2018,1625.966988
9/25/2018,1625.495256
9/26/2018,1606.911014
9/27/2018,1613.257545
9/28/2018,1636.515964
10/1/2018,1621.360142
10/2/2018,1616.596209
10/3/2018,1601.700428
10/4/2018,1587.800866
10/5/2018,1586.851601
10/8/2018,1609.336109
10/9/2018,1613.269886
10/10/2018,1587.846545
10/11/2018,1542.864758
10/12/2018,1538.704469
10/15/2018,1548.15316
10/16/2018,1579.088662
10/17/2018,1575.236491
10/18/2018,1571.917031
10/19/2018,1584.479063
10/22/2018,1563.418443
10/23/2018,1571.5952
10/24/2018,1584.55093
10/25/2018,1605.378072
10/26/2018,1566.681739
10/29/2018,1586.788936
10/30/2018,1607.840983
10/31/2018,1588.49463
11/1/2018,1596.640318
11/2/2018,1582.001149
11/5/2018,1606.564672
11/6/2018,1613.92673
11/7/2018,1633.677936
11/8/2018,1635.891797
11/9/2018,1635.205802
11/12/2018,1635.695919
11/13/2018,1636.352073
11/14/2018,1633.659645
11/15/2018,1621.646177
11/16/2018,1640.715244
11/19/2018,1642.83147
11/20/2018,1624.92075
11/21/2018,1625.651527
11/22/2018,1625.651527
11/23/2018,1621.756914
11/26/2018,1625.564392
11/27/2018,1631.782905
11/28/2018,1647.408763
11/29/2018,1648.407491
11/30/2018,1663.950886
12/3/2018,1671.606842
12/4/2018,1645.815093
12/5/2018,1645.815093
12/6/2018,1688.408858
12/7/2018,1665.574096
12/10/2018,1655.67498
12/11/2018,1656.407154
12/12/2018,1628.114502
12/13/2018,1639.592742
12/14/2018,1636.113661
12/17/2018,1574.723376
12/18/2018,1589.258039
12/19/2018,1571.036577
12/20/2018,1549.963491
12/21/2018,1527.92554
12/24/2018,1470.933656
12/25/2018,1470.933656
12/26/2018,1521.728134
12/27/2018,1523.753618
12/28/2018,1528.143859
12/31/2018,1531.212521
1/1/2019,1531.212521
1/2/2019,1498.624798
1/3/2019,1507.541597
1/4/2019,1527.10176
1/7/2019,1541.190991
1/8/2019,1572.904712
1/9/2019,1570.210462
1/10/2019,1592.365273
1/11/2019,1596.826534
1/14/2019,1590.21662
1/15/2019,1605.69177
1/16/2019,1617.617485
1/17/2019,1625.674564
1/18/2019,1630.437812
1/21/2019,1630.437812
1/22/2019,1625.404493
1/23/2019,1625.846147
1/24/2019,1631.426268
1/25/2019,1652.147265
1/28/2019,1667.690229
1/29/2019,1681.312697
1/30/2019,1694.719752
1/31/2019,1710.959778
2/1/2019,1700.015506
2/4/2019,1713.308841
2/5/2019,1722.988106
2/6/2019,1711.616745
2/7/2019,1726.267409
2/8/2019,1726.703759
2/11/2019,1731.599051
2/12/2019,1719.925784
2/13/2019,1729.532805
2/14/2019,1735.240789
2/15/2019,1745.94029
2/18/2019,1745.94029
2/19/2019,1745.600251
2/20/2019,1735.071003
2/21/2019,1736.283599
2/22/2019,1746.760974
2/25/2019,1733.404028
2/26/2019,1727.202878
2/27/2019,1718.935853
2/28/2019,1723.173128
3/1/2019,1718.22945
3/4/2019,1726.276561
3/5/2019,1730.701
3/6/2019,1722.513298
3/7/2019,1719.228741
3/8/2019,1720.888804
3/11/2019,1746.331311
3/12/2019,1753.781873
3/13/2019,1761.702576
3/14/2019,1765.652701
3/15/2019,1759.454965
3/18/2019,1750.720148
3/19/2019,1745.379311
3/20/2019,1750.688999
3/21/2019,1781.830426
3/22/2019,1769.128053
3/25/2019,1770.525147
3/26/2019,1785.521982
3/27/2019,1780.921454
3/28/2019,1798.095039
3/29/2019,1795.091066
4/1/2019,1794.877018
4/2/2019,1806.497756
4/3/2019,1805.571029
4/4/2019,1802.477354
4/5/2019,1814.795823
4/8/2019,1804.936068
4/9/2019,1794.692032
4/10/2019,1812.738556
4/11/2019,1810.854444
4/12/2019,1819.980664
4/15/2019,1810.084502
4/16/2019,1769.782218
4/17/2019,1752.994492
4/18/2019,1767.198725
4/19/2019,1767.198725
4/22/2019,1746.792523
4/23/2019,1768.613487
4/24/2019,1783.222072
4/25/2019,1779.942625
4/26/2019,1793.505677
4/29/2019,1776.102714
4/30/2019,1793.615282
5/1/2019,1795.341611
5/2/2019,1796.690125
5/3/2019,1812.402003
5/6/2019,1806.630684
5/7/2019,1773.499348
5/8/2019,1771.538707
5/9/2019,1777.2695
5/10/2019,1796.009958
5/13/2019,1794.288673
5/14/2019,1800.079884
5/15/2019,1810.799867
5/16/2019,1821.313782
5/17/2019,1816.936188
5/20/2019,1789.196485
5/21/2019,1806.137275
5/22/2019,1810.105494
5/23/2019,1814.527986
5/24/2019,1819.649024
5/27/2019,1819.649024
5/28/2019,1800.474549
5/29/2019,1777.700653
5/30/2019,1785.046787
5/31/2019,1795.617039
6/3/2019,1800.830864
6/4/2019,1793.811081
6/5/2019,1831.486641
6/6/2019,1833.716768
6/7/2019,1839.595463
6/10/2019,1834.609949
6/11/2019,1837.912278
6/12/2019,1844.05083
6/13/2019,1851.594323
6/14/2019,1854.424871
6/17/2019,1874.077964
6/18/2019,1871.184933
6/19/2019,1882.831309
6/20/2019,1891.619663
6/21/2019,1868.513444
6/24/2019,1855.994707
6/25/2019,1832.424439
6/26/2019,1795.251493
6/27/2019,1817.392877
6/28/2019,1826.534419
7/1/2019,1822.502639
7/2/2019,1852.819779
7/3/2019,1877.699277
7/4/2019,1877.699277
7/5/2019,1870.456924
7/8/2019,1875.933929
7/9/2019,1884.305397
7/10/2019,1893.70553
7/11/2019,1870.41213
7/12/2019,1866.082731
7/15/2019,1866.186842
7/16/2019,1862.025871
7/17/2019,1855.244669
7/18/2019,1854.529324
7/19/2019,1823.713863
7/22/2019,1822.629412
7/23/2019,1842.876893
7/24/2019,1844.42539
7/25/2019,1833.855354
7/26/2019,1841.617089
7/29/2019,1848.445886
7/30/2019,1863.222581
7/31/2019,1855.803432
8/1/2019,1855.639152
8/2/2019,1864.852433
8/5/2019,1827.9116
8/6/2019,1848.743148
8/7/2019,1866.39364
8/8/2019,1897.119956
8/9/2019,1896.367539
8/12/2019,1890.917555
8/13/2019,1893.358999
8/14/2019,1863.981315
8/15/2019,1884.569315
8/16/2019,1902.102024
8/19/2019,1917.99602
8/20/2019,1902.564752
8/21/2019,1910.540314
8/22/2019,1919.249073
8/23/2019,1891.800211
8/26/2019,1908.605443
8/27/2019,1900.579814
8/28/2019,1907.67298
8/29/2019,1923.074576
8/30/2019,1925.743333
9/2/2019,1925.743333
9/3/2019,1945.297017
9/4/2019,1961.679564
9/5/2019,1947.064896
9/6/2019,1951.468652
9/9/2019,1941.550474
9/10/2019,1920.996184
9/11/2019,1924.517588
9/12/2019,1934.133683
9/13/2019,1912.616699
9/16/2019,1930.776577
9/17/2019,1950.654242
9/18/2019,1944.404501
9/19/2019,1951.018483
9/20/2019,1949.62206
9/23/2019,1952.275622
9/24/2019,1949.10118
9/25/2019,1952.414519
9/26/2019,1969.184127
9/27/2019,1958.378292
9/30/2019,1962.168792
10/1/2019,1942.494866
10/2/2019,1934.749654
10/3/2019,1954.623933
10/4/2019,1966.131309
10/7/2019,1961.472211
10/8/2019,1951.953923
10/9/2019,1955.779714
10/10/2019,1957.385511
10/11/2019,1957.321165
10/14/2019,1957.806587
10/15/2019,1960.760061
10/16/2019,1960.805476
10/17/2019,1972.870404
10/18/2019,1989.097644
10/21/2019,2004.736175
10/22/2019,1997.383999
10/23/2019,2002.070944
10/24/2019,2000.221624
10/25/2019,1979.959123
10/28/2019,1969.293391
10/29/2019,1975.980251
10/30/2019,1989.474259
10/31/2019,1983.487362
11/1/2019,1984.038814
11/4/2019,1969.300392
11/5/2019,1936.780907
11/6/2019,1941.528948
11/7/2019,1921.850985
11/8/2019,1917.488162
11/11/2019,1921.383671
11/12/2019,1905.874355
11/13/2019,1922.694848
11/14/2019,1939.787543
11/15/2019,1950.209011
11/18/2019,1959.672955
11/19/2019,1962.96636
11/20/2019,1960.940076
11/21/2019,1933.425673
11/22/2019,1926.262541
11/25/2019,1932.932572
11/26/2019,1958.909662
11/27/2019,1968.213667
11/28/2019,1968.213667
11/29/2019,1958.811515
12/2/2019,1928.642119
12/3/2019,1941.604926
12/4/2019,1949.627122
12/5/2019,1951.020921
12/6/2019,1954.906967
12/9/2019,1958.108719
12/10/2019,1946.917312
12/11/2019,1927.459154
12/12/2019,1901.019938
12/13/2019,1902.154594
12/16/2019,1915.241721
12/17/2019,1897.195129
12/18/2019,1920.626956
12/19/2019,1937.650315
12/20/2019,1950.338923
12/23/2019,1938.897623
12/24/2019,1941.953144
12/25/2019,1941.953144
12/26/2019,1952.173133
12/27/2019,1958.671702
12/30/2019,1960.111284
12/31/2019,1974.958331
1/1/2020,1974.958331
1/2/2020,1946.487256
1/3/2020,1963.456638
1/6/2020,1964.776959
1/7/2020,1941.923876
1/8/2020,1949.066137
1/9/2020,1948.748185
1/10/2020,1964.029403
1/13/2020,1986.825611
1/14/2020,1979.268704
1/15/2020,1996.557737
1/16/2020,2012.614897
1/17/2020,2014.60557
1/20/2020,2014.60557
1/21/2020,2034.21836
1/22/2020,2020.997926
1/23/2020,2037.068833
1/24/2020,2030.945563
1/27/2020,2021.387805
1/28/2020,2028.827855
1/29/2020,2020.822517
1/30/2020,2023.599498
1/31/2020,1998.327363
2/3/2020,2004.479057
2/4/2020,2025.910693
2/5/2020,2026.308641
2/6/2020,2033.95343
2/7/2020,2032.484401
2/10/2020,2056.877931
2/11/2020,2071.84319
2/12/2020,2084.27776
2/13/2020,2097.108025
2/14/2020,2118.555241
2/17/2020,2118.555241
2/18/2020,2115.349114
2/19/2020,2086.781564
2/20/2020,2112.013565
2/21/2020,2118.193253
2/24/2020,2088.339611
2/25/2020,2032.554217
2/26/2020,2010.371978
2/27/2020,1903.190131
2/28/2020,1857.083982
3/2/2020,1938.441414
3/3/2020,1933.629519
3/4/2020,2007.623408
3/5/2020,1961.873506
3/6/2020,1929.688215
3/9/2020,1780.018688
3/10/2020,1857.19652
3/11/2020,1741.81829
3/12/2020,1569.19665
3/13/2020,1707.120475
3/16/2020,1400.895982
3/17/2020,1485.518463
3/18/2020,1341.672691
3/19/2020,1350.335527
3/20/2020,1289.196192
3/23/2020,1222.442373
3/24/2020,1333.752504
3/25/2020,1402.854231
3/26/2020,1503.755804
3/27/2020,1502.218935
3/30/2020,1535.703583
3/31/2020,1499.49198
4/1/2020,1399.850497
4/2/2020,1406.596061
4/3/2020,1385.316796
4/6/2020,1489.637627
4/7/2020,1501.597291
4/8/2020,1604.321939
4/9/2020,1694.541317
4/10/2020,1694.541317
4/13/2020,1620.46091
4/14/2020,1668.849118
4/15/2020,1600.925931
4/16/2020,1582.911244
4/17/2020,1633.4115
4/20/2020,1570.456183
4/21/2020,1542.952413
4/22/2020,1568.332765
4/23/2020,1553.646331
4/24/2020,1559.511069
4/27/2020,1613.271616
4/28/2020,1627.337002
